alpha, tau, L
57.50117285,0.04108725,0.03789821
