t,u,y
0.00000000,2.89896154,578.57147217
0.02000000,2.89896154,591.42864990
0.04000000,2.89896154,591.42864990
0.06000000,2.89896154,597.85717773
0.08000000,2.89896154,597.85717773
0.10000000,2.89896154,597.85717773
0.12000000,2.89896154,597.85717773
0.14000000,2.89896154,604.28576660
0.16000000,2.89896154,604.28576660
0.18000000,2.89896154,604.28576660
0.20000000,2.89896154,604.28576660
0.22000000,2.89896154,604.28576660
0.24000000,2.89896154,604.28576660
0.26000000,2.89896154,610.71435547
0.28000000,2.89896154,610.71435547
0.30000000,2.89896154,610.71435547
0.32000000,2.89896154,610.71435547
0.34000000,2.89896154,610.71435547
0.36000000,2.89896154,610.71435547
0.38000000,2.89896154,610.71435547
0.40000000,2.89896154,610.71435547
0.42000000,2.89896154,617.14288330
0.44000000,2.89896154,610.71435547
0.46000000,2.89896154,610.71435547
0.48000000,2.89896154,617.14288330
0.50000000,2.89896154,610.71435547
0.52000000,2.89896154,610.71435547
0.54000000,2.89896154,610.71435547
0.56000000,2.89896154,610.71435547
0.58000000,2.89896154,610.71435547
0.60000000,2.89896154,617.14288330
0.62000000,2.89896154,610.71435547
0.64000000,2.89896154,617.14288330
0.66000000,2.89896154,610.71435547
0.68000000,2.89896154,617.14288330
0.70000000,2.89896154,617.14288330
0.72000000,2.89896154,617.14288330
0.74000000,2.89896154,617.14288330
0.76000000,2.89896154,610.71435547
0.78000000,2.89896154,617.14288330
0.80000000,2.89896154,617.14288330
0.82000000,2.89896154,617.14288330
0.84000000,2.89896154,617.14288330
0.86000000,2.89896154,617.14288330
0.88000000,2.89896154,617.14288330
0.90000000,2.89896154,617.14288330
0.92000000,2.89896154,617.14288330
0.94000000,2.89896154,617.14288330
0.96000000,2.89896154,623.57147217
0.98000000,2.89896154,617.14288330
1.00000000,2.89896154,617.14288330
1.02000000,2.89896154,617.14288330
1.04000000,2.89896154,617.14288330
1.06000000,2.89896154,617.14288330
1.08000000,2.89896154,617.14288330
1.10000000,2.89896154,617.14288330
1.12000000,2.89896154,617.14288330
1.14000000,2.89896154,623.57147217
1.16000000,2.89896154,617.14288330
1.18000000,2.89896154,623.57147217
1.20000000,2.89896154,617.14288330
1.22000000,2.89896154,623.57147217
1.24000000,2.89896154,623.57147217
1.26000000,2.89896154,623.57147217
1.28000000,2.89896154,623.57147217
1.30000000,2.89896154,617.14288330
1.32000000,2.89896154,623.57147217
1.34000000,2.89896154,617.14288330
1.36000000,2.89896154,623.57147217
1.38000000,2.89896154,623.57147217
1.40000000,2.89896154,623.57147217
1.42000000,2.89896154,623.57147217
1.44000000,2.89896154,623.57147217
1.46000000,2.89896154,623.57147217
1.48000000,2.89896154,623.57147217
1.50000000,2.89896154,617.14288330
1.52000000,2.89896154,617.14288330
1.54000000,2.89896154,623.57147217
1.56000000,2.89896154,623.57147217
1.58000000,2.89896154,617.14288330
1.60000000,2.07637906,623.57147217
1.62000000,2.07637906,617.14288330
1.64000000,2.07637906,597.85717773
1.66000000,2.07637906,591.42864990
1.68000000,2.07637906,572.14288330
1.70000000,2.07637906,565.71429443
1.72000000,2.07637906,559.28576660
1.74000000,2.07637906,552.85717773
1.76000000,2.07637906,552.85717773
1.78000000,2.07637906,540.00000000
1.80000000,2.07637906,546.42858887
1.82000000,2.07637906,546.42858887
1.84000000,2.07637906,540.00000000
1.86000000,2.07637906,540.00000000
1.88000000,2.07637906,540.00000000
1.90000000,2.07637906,546.42858887
1.92000000,2.07637906,540.00000000
1.94000000,2.07637906,546.42858887
1.96000000,2.07637906,540.00000000
1.98000000,2.07637906,546.42858887
2.00000000,2.07637906,540.00000000
2.02000000,2.07637906,546.42858887
2.04000000,2.07637906,540.00000000
2.06000000,2.07637906,540.00000000
2.08000000,2.89896154,540.00000000
2.10000000,2.89896154,552.85717773
2.12000000,2.89896154,572.14288330
2.14000000,2.89896154,578.57147217
2.16000000,2.89896154,585.00006104
2.18000000,2.89896154,591.42864990
2.20000000,2.89896154,597.85717773
2.22000000,2.89896154,597.85717773
2.24000000,2.89896154,604.28576660
2.26000000,2.89896154,604.28576660
2.28000000,2.89896154,604.28576660
2.30000000,2.89896154,604.28576660
2.32000000,2.89896154,610.71435547
2.34000000,2.89896154,617.14288330
2.36000000,2.89896154,610.71435547
2.38000000,2.89896154,617.14288330
2.40000000,2.89896154,610.71435547
2.42000000,2.89896154,617.14288330
2.44000000,2.89896154,617.14288330
2.46000000,2.89896154,617.14288330
2.48000000,2.89896154,617.14288330
2.50000000,2.89896154,617.14288330
2.52000000,2.89896154,617.14288330
2.54000000,2.89896154,617.14288330
2.56000000,2.07637906,617.14288330
2.58000000,2.07637906,610.71435547
2.60000000,2.07637906,597.85717773
2.62000000,2.07637906,585.00006104
2.64000000,2.07637906,572.14288330
2.66000000,2.07637906,572.14288330
2.68000000,2.07637906,565.71429443
2.70000000,2.07637906,559.28576660
2.72000000,2.07637906,552.85717773
2.74000000,2.07637906,552.85717773
2.76000000,2.07637906,552.85717773
2.78000000,2.07637906,552.85717773
2.80000000,2.07637906,552.85717773
2.82000000,2.07637906,546.42858887
2.84000000,2.07637906,546.42858887
2.86000000,2.07637906,552.85717773
2.88000000,2.07637906,546.42858887
2.90000000,2.07637906,546.42858887
2.92000000,2.07637906,546.42858887
2.94000000,2.07637906,552.85717773
2.96000000,2.07637906,546.42858887
2.98000000,2.07637906,552.85717773
3.00000000,2.07637906,546.42858887
3.02000000,2.07637906,552.85717773
3.04000000,2.89896154,546.42858887
3.06000000,2.89896154,559.28576660
3.08000000,2.89896154,578.57147217
3.10000000,2.89896154,585.00006104
3.12000000,2.89896154,591.42864990
3.14000000,2.89896154,597.85717773
3.16000000,2.89896154,604.28576660
3.18000000,2.89896154,604.28576660
3.20000000,2.07637906,610.71435547
3.22000000,2.07637906,597.85717773
3.24000000,2.07637906,585.00006104
3.26000000,2.07637906,585.00006104
3.28000000,2.07637906,578.57147217
3.30000000,2.07637906,565.71429443
3.32000000,2.07637906,565.71429443
3.34000000,2.07637906,559.28576660
3.36000000,2.07637906,559.28576660
3.38000000,2.07637906,559.28576660
3.40000000,2.07637906,552.85717773
3.42000000,2.07637906,559.28576660
3.44000000,2.07637906,552.85717773
3.46000000,2.07637906,552.85717773
3.48000000,2.07637906,552.85717773
3.50000000,2.07637906,552.85717773
3.52000000,2.89896154,552.85717773
3.54000000,2.89896154,559.28576660
3.56000000,2.89896154,578.57147217
3.58000000,2.89896154,585.00006104
3.60000000,2.89896154,597.85717773
3.62000000,2.89896154,604.28576660
3.64000000,2.89896154,610.71435547
3.66000000,2.89896154,610.71435547
3.68000000,2.89896154,617.14288330
3.70000000,2.89896154,617.14288330
3.72000000,2.89896154,623.57147217
3.74000000,2.89896154,617.14288330
3.76000000,2.89896154,623.57147217
3.78000000,2.89896154,623.57147217
3.80000000,2.89896154,623.57147217
3.82000000,2.89896154,623.57147217
3.84000000,2.89896154,630.00006104
3.86000000,2.89896154,623.57147217
3.88000000,2.89896154,630.00006104
3.90000000,2.89896154,623.57147217
3.92000000,2.89896154,630.00006104
3.94000000,2.89896154,630.00006104
3.96000000,2.89896154,623.57147217
3.98000000,2.89896154,630.00006104
4.00000000,2.07637906,623.57147217
4.02000000,2.07637906,617.14288330
4.04000000,2.07637906,604.28576660
4.06000000,2.07637906,591.42864990
4.08000000,2.07637906,585.00006104
4.10000000,2.07637906,572.14288330
4.12000000,2.07637906,565.71429443
4.14000000,2.07637906,572.14288330
4.16000000,2.89896154,565.71429443
4.18000000,2.89896154,572.14288330
4.20000000,2.89896154,585.00006104
4.22000000,2.89896154,591.42864990
4.24000000,2.89896154,604.28576660
4.26000000,2.89896154,610.71435547
4.28000000,2.89896154,617.14288330
4.30000000,2.89896154,617.14288330
4.32000000,2.89896154,623.57147217
4.34000000,2.89896154,617.14288330
4.36000000,2.89896154,623.57147217
4.38000000,2.89896154,623.57147217
4.40000000,2.89896154,623.57147217
4.42000000,2.89896154,630.00006104
4.44000000,2.89896154,630.00006104
4.46000000,2.89896154,623.57147217
4.48000000,2.07637906,630.00006104
4.50000000,2.07637906,623.57147217
4.52000000,2.07637906,604.28576660
4.54000000,2.07637906,597.85717773
4.56000000,2.07637906,585.00006104
4.58000000,2.07637906,578.57147217
4.60000000,2.07637906,578.57147217
4.62000000,2.07637906,572.14288330
4.64000000,2.07637906,565.71429443
4.66000000,2.07637906,565.71429443
4.68000000,2.07637906,565.71429443
4.70000000,2.07637906,565.71429443
4.72000000,2.07637906,565.71429443
4.74000000,2.07637906,559.28576660
4.76000000,2.07637906,565.71429443
4.78000000,2.07637906,559.28576660
4.80000000,2.89896154,565.71429443
4.82000000,2.89896154,572.14288330
4.84000000,2.89896154,585.00006104
4.86000000,2.89896154,597.85717773
4.88000000,2.89896154,604.28576660
4.90000000,2.89896154,604.28576660
4.92000000,2.89896154,617.14288330
4.94000000,2.89896154,617.14288330
4.96000000,2.07637906,617.14288330
4.98000000,2.07637906,617.14288330
5.00000000,2.07637906,597.85717773
5.02000000,2.07637906,591.42864990
5.04000000,2.07637906,578.57147217
5.06000000,2.07637906,578.57147217
5.08000000,2.07637906,578.57147217
5.10000000,2.07637906,565.71429443
5.12000000,2.89896154,572.14288330
5.14000000,2.89896154,572.14288330
5.16000000,2.89896154,591.42864990
5.18000000,2.89896154,604.28576660
5.20000000,2.89896154,610.71435547
5.22000000,2.89896154,610.71435547
5.24000000,2.89896154,623.57147217
5.26000000,2.89896154,617.14288330
5.28000000,2.07637906,623.57147217
5.30000000,2.07637906,617.14288330
5.32000000,2.07637906,610.71435547
5.34000000,2.07637906,591.42864990
5.36000000,2.07637906,591.42864990
5.38000000,2.07637906,578.57147217
5.40000000,2.07637906,578.57147217
5.42000000,2.07637906,572.14288330
5.44000000,2.89896154,572.14288330
5.46000000,2.89896154,578.57147217
5.48000000,2.89896154,597.85717773
5.50000000,2.89896154,597.85717773
5.52000000,2.89896154,610.71435547
5.54000000,2.89896154,617.14288330
5.56000000,2.89896154,617.14288330
5.58000000,2.89896154,617.14288330
5.60000000,2.89896154,630.00006104
5.62000000,2.89896154,623.57147217
5.64000000,2.89896154,630.00006104
5.66000000,2.89896154,623.57147217
5.68000000,2.89896154,630.00006104
5.70000000,2.89896154,630.00006104
5.72000000,2.89896154,630.00006104
5.74000000,2.89896154,630.00006104
5.76000000,2.89896154,630.00006104
5.78000000,2.89896154,630.00006104
5.80000000,2.89896154,630.00006104
5.82000000,2.89896154,636.42858887
5.84000000,2.89896154,630.00006104
5.86000000,2.89896154,630.00006104
5.88000000,2.89896154,636.42858887
5.90000000,2.89896154,630.00006104
5.92000000,2.07637906,630.00006104
5.94000000,2.07637906,623.57147217
5.96000000,2.07637906,610.71435547
5.98000000,2.07637906,597.85717773
6.00000000,2.07637906,591.42864990
6.02000000,2.07637906,578.57147217
6.04000000,2.07637906,572.14288330
6.06000000,2.07637906,572.14288330
6.08000000,2.89896154,572.14288330
6.10000000,2.89896154,572.14288330
6.12000000,2.89896154,591.42864990
6.14000000,2.89896154,604.28576660
6.16000000,2.89896154,604.28576660
6.18000000,2.89896154,617.14288330
6.20000000,2.89896154,617.14288330
6.22000000,2.89896154,617.14288330
6.24000000,2.89896154,630.00006104
6.26000000,2.89896154,623.57147217
6.28000000,2.89896154,623.57147217
6.30000000,2.89896154,630.00006104
6.32000000,2.89896154,630.00006104
6.34000000,2.89896154,630.00006104
6.36000000,2.89896154,630.00006104
6.38000000,2.89896154,630.00006104
6.40000000,2.89896154,636.42858887
6.42000000,2.89896154,630.00006104
6.44000000,2.89896154,636.42858887
6.46000000,2.89896154,630.00006104
6.48000000,2.89896154,630.00006104
6.50000000,2.89896154,636.42858887
6.52000000,2.89896154,630.00006104
6.54000000,2.89896154,630.00006104
6.56000000,2.89896154,636.42858887
6.58000000,2.89896154,630.00006104
6.60000000,2.89896154,630.00006104
6.62000000,2.89896154,636.42858887
6.64000000,2.89896154,630.00006104
6.66000000,2.89896154,636.42858887
6.68000000,2.89896154,630.00006104
6.70000000,2.89896154,636.42858887
6.72000000,2.07637906,636.42858887
6.74000000,2.07637906,623.57147217
6.76000000,2.07637906,617.14288330
6.78000000,2.07637906,597.85717773
6.80000000,2.07637906,591.42864990
6.82000000,2.07637906,585.00006104
6.84000000,2.07637906,578.57147217
6.86000000,2.07637906,572.14288330
6.88000000,2.89896154,572.14288330
6.90000000,2.89896154,578.57147217
6.92000000,2.89896154,597.85717773
6.94000000,2.89896154,604.28576660
6.96000000,2.89896154,610.71435547
6.98000000,2.89896154,617.14288330
7.00000000,2.89896154,617.14288330
7.02000000,2.89896154,617.14288330
7.04000000,2.07637906,630.00006104
7.06000000,2.07637906,617.14288330
7.08000000,2.07637906,604.28576660
7.10000000,2.07637906,597.85717773
7.12000000,2.07637906,591.42864990
7.14000000,2.07637906,585.00006104
7.16000000,2.07637906,578.57147217
7.18000000,2.07637906,572.14288330
7.20000000,2.89896154,572.14288330
7.22000000,2.89896154,578.57147217
7.24000000,2.89896154,597.85717773
7.26000000,2.89896154,604.28576660
7.28000000,2.89896154,617.14288330
7.30000000,2.89896154,617.14288330
7.32000000,2.89896154,617.14288330
7.34000000,2.89896154,630.00006104
7.36000000,2.07637906,623.57147217
7.38000000,2.07637906,623.57147217
7.40000000,2.07637906,610.71435547
7.42000000,2.07637906,597.85717773
7.44000000,2.07637906,591.42864990
7.46000000,2.07637906,585.00006104
7.48000000,2.07637906,585.00006104
7.50000000,2.07637906,578.57147217
7.52000000,2.07637906,572.14288330
7.54000000,2.07637906,572.14288330
7.56000000,2.07637906,572.14288330
7.58000000,2.07637906,565.71429443
7.60000000,2.07637906,572.14288330
7.62000000,2.07637906,565.71429443
7.64000000,2.07637906,565.71429443
7.66000000,2.07637906,565.71429443
7.68000000,2.07637906,565.71429443
7.70000000,2.07637906,565.71429443
7.72000000,2.07637906,565.71429443
7.74000000,2.07637906,565.71429443
7.76000000,2.07637906,565.71429443
7.78000000,2.07637906,565.71429443
7.80000000,2.07637906,565.71429443
7.82000000,2.07637906,565.71429443
7.84000000,2.89896154,565.71429443
7.86000000,2.89896154,578.57147217
7.88000000,2.89896154,585.00006104
7.90000000,2.89896154,604.28576660
7.92000000,2.89896154,604.28576660
7.94000000,2.89896154,610.71435547
7.96000000,2.89896154,617.14288330
7.98000000,2.89896154,617.14288330
8.00000000,2.89896154,623.57147217
8.02000000,2.89896154,617.14288330
8.04000000,2.89896154,623.57147217
8.06000000,2.89896154,630.00006104
8.08000000,2.89896154,623.57147217
8.10000000,2.89896154,630.00006104
8.12000000,2.89896154,623.57147217
8.14000000,2.89896154,630.00006104
8.16000000,2.89896154,630.00006104
8.18000000,2.89896154,636.42858887
8.20000000,2.89896154,630.00006104
8.22000000,2.89896154,630.00006104
8.24000000,2.89896154,636.42858887
8.26000000,2.89896154,630.00006104
8.28000000,2.89896154,630.00006104
8.30000000,2.89896154,636.42858887
8.32000000,2.89896154,630.00006104
8.34000000,2.89896154,636.42858887
8.36000000,2.89896154,630.00006104
8.38000000,2.89896154,636.42858887
8.40000000,2.89896154,630.00006104
8.42000000,2.89896154,636.42858887
8.44000000,2.89896154,630.00006104
8.46000000,2.89896154,636.42858887
8.48000000,2.07637906,636.42858887
8.50000000,2.07637906,623.57147217
8.52000000,2.07637906,617.14288330
8.54000000,2.07637906,597.85717773
8.56000000,2.07637906,591.42864990
8.58000000,2.07637906,578.57147217
8.60000000,2.07637906,578.57147217
8.62000000,2.07637906,578.57147217
8.64000000,2.89896154,565.71429443
8.66000000,2.89896154,578.57147217
8.68000000,2.89896154,597.85717773
8.70000000,2.89896154,597.85717773
8.72000000,2.89896154,610.71435547
8.74000000,2.89896154,617.14288330
8.76000000,2.89896154,617.14288330
8.78000000,2.89896154,623.57147217
8.80000000,2.07637906,630.00006104
8.82000000,2.07637906,617.14288330
8.84000000,2.07637906,610.71435547
8.86000000,2.07637906,597.85717773
8.88000000,2.07637906,591.42864990
8.90000000,2.07637906,585.00006104
8.92000000,2.07637906,578.57147217
8.94000000,2.07637906,578.57147217
8.96000000,2.07637906,572.14288330
8.98000000,2.07637906,572.14288330
9.00000000,2.07637906,572.14288330
9.02000000,2.07637906,565.71429443
9.04000000,2.07637906,572.14288330
9.06000000,2.07637906,565.71429443
9.08000000,2.07637906,565.71429443
9.10000000,2.07637906,565.71429443
9.12000000,2.89896154,565.71429443
9.14000000,2.89896154,578.57147217
9.16000000,2.89896154,591.42864990
9.18000000,2.89896154,597.85717773
9.20000000,2.89896154,610.71435547
9.22000000,2.89896154,617.14288330
9.24000000,2.89896154,617.14288330
9.26000000,2.89896154,623.57147217
9.28000000,2.07637906,630.00006104
9.30000000,2.07637906,617.14288330
9.32000000,2.07637906,610.71435547
9.34000000,2.07637906,597.85717773
9.36000000,2.07637906,591.42864990
9.38000000,2.07637906,585.00006104
9.40000000,2.07637906,585.00006104
9.42000000,2.07637906,578.57147217
9.44000000,2.89896154,572.14288330
9.46000000,2.89896154,585.00006104
9.48000000,2.89896154,591.42864990
9.50000000,2.89896154,604.28576660
9.52000000,2.89896154,610.71435547
9.54000000,2.89896154,617.14288330
9.56000000,2.89896154,623.57147217
9.58000000,2.89896154,623.57147217
9.60000000,2.07637906,630.00006104
9.62000000,2.07637906,617.14288330
9.64000000,2.07637906,610.71435547
9.66000000,2.07637906,604.28576660
9.68000000,2.07637906,591.42864990
9.70000000,2.07637906,585.00006104
9.72000000,2.07637906,585.00006104
9.74000000,2.07637906,578.57147217
9.76000000,2.89896154,578.57147217
9.78000000,2.89896154,585.00006104
9.80000000,2.89896154,591.42864990
9.82000000,2.89896154,604.28576660
9.84000000,2.89896154,617.14288330
9.86000000,2.89896154,617.14288330
9.88000000,2.89896154,623.57147217
9.90000000,2.89896154,630.00006104
9.92000000,2.07637906,630.00006104
9.94000000,2.07637906,623.57147217
9.96000000,2.07637906,610.71435547
9.98000000,2.07637906,597.85717773
10.00000000,2.07637906,597.85717773
10.02000000,2.07637906,585.00006104
10.04000000,2.07637906,585.00006104
10.06000000,2.07637906,572.14288330
10.08000000,2.07637906,572.14288330
10.10000000,2.07637906,572.14288330
10.12000000,2.07637906,572.14288330
10.14000000,2.07637906,565.71429443
10.16000000,2.07637906,572.14288330
10.18000000,2.07637906,572.14288330
10.20000000,2.07637906,572.14288330
10.22000000,2.07637906,565.71429443
10.24000000,2.07637906,572.14288330
10.26000000,2.07637906,572.14288330
10.28000000,2.07637906,565.71429443
10.30000000,2.07637906,572.14288330
10.32000000,2.07637906,565.71429443
10.34000000,2.07637906,572.14288330
10.36000000,2.07637906,565.71429443
10.38000000,2.07637906,572.14288330
10.40000000,2.07637906,565.71429443
10.42000000,2.07637906,572.14288330
10.44000000,2.07637906,572.14288330
10.46000000,2.07637906,565.71429443
10.48000000,2.07637906,572.14288330
10.50000000,2.07637906,565.71429443
10.52000000,2.07637906,565.71429443
10.54000000,2.07637906,565.71429443
10.56000000,2.07637906,565.71429443
10.58000000,2.07637906,572.14288330
10.60000000,2.07637906,565.71429443
10.62000000,2.07637906,565.71429443
10.64000000,2.07637906,565.71429443
10.66000000,2.07637906,565.71429443
10.68000000,2.07637906,572.14288330
10.70000000,2.07637906,565.71429443
10.72000000,2.89896154,572.14288330
10.74000000,2.89896154,578.57147217
10.76000000,2.89896154,591.42864990
10.78000000,2.89896154,597.85717773
10.80000000,2.89896154,617.14288330
10.82000000,2.89896154,610.71435547
10.84000000,2.89896154,617.14288330
10.86000000,2.89896154,623.57147217
10.88000000,2.07637906,623.57147217
10.90000000,2.07637906,617.14288330
10.92000000,2.07637906,610.71435547
10.94000000,2.07637906,597.85717773
10.96000000,2.07637906,591.42864990
10.98000000,2.07637906,585.00006104
11.00000000,2.07637906,585.00006104
11.02000000,2.07637906,572.14288330
11.04000000,2.89896154,572.14288330
11.06000000,2.89896154,578.57147217
11.08000000,2.89896154,597.85717773
11.10000000,2.89896154,604.28576660
11.12000000,2.89896154,610.71435547
11.14000000,2.89896154,617.14288330
11.16000000,2.89896154,617.14288330
11.18000000,2.89896154,630.00006104
11.20000000,2.89896154,623.57147217
11.22000000,2.89896154,630.00006104
11.24000000,2.89896154,630.00006104
11.26000000,2.89896154,636.42858887
11.28000000,2.89896154,630.00006104
11.30000000,2.89896154,630.00006104
11.32000000,2.89896154,636.42858887
11.34000000,2.89896154,636.42858887
11.36000000,2.89896154,630.00006104
11.38000000,2.89896154,636.42858887
11.40000000,2.89896154,636.42858887
11.42000000,2.89896154,630.00006104
11.44000000,2.89896154,630.00006104
11.46000000,2.89896154,636.42858887
11.48000000,2.89896154,636.42858887
11.50000000,2.89896154,636.42858887
11.52000000,2.89896154,630.00006104
11.54000000,2.89896154,630.00006104
11.56000000,2.89896154,636.42858887
11.58000000,2.89896154,630.00006104
11.60000000,2.89896154,636.42858887
11.62000000,2.89896154,636.42858887
11.64000000,2.89896154,630.00006104
11.66000000,2.89896154,636.42858887
11.68000000,2.89896154,636.42858887
11.70000000,2.89896154,636.42858887
11.72000000,2.89896154,636.42858887
11.74000000,2.89896154,636.42858887
11.76000000,2.89896154,636.42858887
11.78000000,2.89896154,636.42858887
11.80000000,2.89896154,630.00006104
11.82000000,2.89896154,636.42858887
11.84000000,2.89896154,636.42858887
11.86000000,2.89896154,642.85717773
11.88000000,2.89896154,636.42858887
11.90000000,2.89896154,636.42858887
11.92000000,2.89896154,636.42858887
11.94000000,2.89896154,636.42858887
11.96000000,2.89896154,636.42858887
11.98000000,2.89896154,636.42858887
12.00000000,2.89896154,642.85717773
12.02000000,2.89896154,630.00006104
12.04000000,2.89896154,636.42858887
12.06000000,2.89896154,636.42858887
12.08000000,2.89896154,636.42858887
12.10000000,2.89896154,636.42858887
12.12000000,2.89896154,636.42858887
12.14000000,2.89896154,636.42858887
12.16000000,2.89896154,642.85717773
12.18000000,2.89896154,636.42858887
12.20000000,2.89896154,636.42858887
12.22000000,2.89896154,636.42858887
12.24000000,2.89896154,636.42858887
12.26000000,2.89896154,642.85717773
12.28000000,2.89896154,636.42858887
12.30000000,2.89896154,636.42858887
12.32000000,2.07637906,642.85717773
12.34000000,2.07637906,630.00006104
12.36000000,2.07637906,617.14288330
12.38000000,2.07637906,604.28576660
12.40000000,2.07637906,591.42864990
12.42000000,2.07637906,591.42864990
12.44000000,2.07637906,578.57147217
12.46000000,2.07637906,578.57147217
12.48000000,2.89896154,572.14288330
12.50000000,2.89896154,578.57147217
12.52000000,2.89896154,591.42864990
12.54000000,2.89896154,604.28576660
12.56000000,2.89896154,610.71435547
12.58000000,2.89896154,617.14288330
12.60000000,2.89896154,617.14288330
12.62000000,2.89896154,623.57147217
12.64000000,2.07637906,630.00006104
12.66000000,2.07637906,617.14288330
12.68000000,2.07637906,610.71435547
12.70000000,2.07637906,597.85717773
12.72000000,2.07637906,597.85717773
12.74000000,2.07637906,585.00006104
12.76000000,2.07637906,578.57147217
12.78000000,2.07637906,578.57147217
12.80000000,2.89896154,578.57147217
12.82000000,2.89896154,578.57147217
12.84000000,2.89896154,591.42864990
12.86000000,2.89896154,610.71435547
12.88000000,2.89896154,610.71435547
12.90000000,2.89896154,623.57147217
12.92000000,2.89896154,623.57147217
12.94000000,2.89896154,623.57147217
12.96000000,2.07637906,630.00006104
12.98000000,2.07637906,623.57147217
13.00000000,2.07637906,610.71435547
13.02000000,2.07637906,597.85717773
13.04000000,2.07637906,591.42864990
13.06000000,2.07637906,585.00006104
13.08000000,2.07637906,578.57147217
13.10000000,2.07637906,578.57147217
13.12000000,2.89896154,572.14288330
13.14000000,2.89896154,585.00006104
13.16000000,2.89896154,597.85717773
13.18000000,2.89896154,610.71435547
13.20000000,2.89896154,617.14288330
13.22000000,2.89896154,617.14288330
13.24000000,2.89896154,630.00006104
13.26000000,2.89896154,623.57147217
13.28000000,2.07637906,636.42858887
13.30000000,2.07637906,623.57147217
13.32000000,2.07637906,610.71435547
13.34000000,2.07637906,604.28576660
13.36000000,2.07637906,591.42864990
13.38000000,2.07637906,591.42864990
13.40000000,2.07637906,585.00006104
13.42000000,2.07637906,578.57147217
13.44000000,2.89896154,578.57147217
13.46000000,2.89896154,585.00006104
13.48000000,2.89896154,604.28576660
13.50000000,2.89896154,610.71435547
13.52000000,2.89896154,617.14288330
13.54000000,2.89896154,617.14288330
13.56000000,2.89896154,623.57147217
13.58000000,2.89896154,630.00006104
13.60000000,2.07637906,630.00006104
13.62000000,2.07637906,623.57147217
13.64000000,2.07637906,610.71435547
13.66000000,2.07637906,604.28576660
13.68000000,2.07637906,591.42864990
13.70000000,2.07637906,591.42864990
13.72000000,2.07637906,585.00006104
13.74000000,2.07637906,585.00006104
13.76000000,2.89896154,578.57147217
13.78000000,2.89896154,585.00006104
13.80000000,2.89896154,604.28576660
13.82000000,2.89896154,610.71435547
13.84000000,2.89896154,617.14288330
13.86000000,2.89896154,617.14288330
13.88000000,2.89896154,630.00006104
13.90000000,2.89896154,630.00006104
13.92000000,2.89896154,630.00006104
13.94000000,2.89896154,636.42858887
13.96000000,2.89896154,630.00006104
13.98000000,2.89896154,636.42858887
14.00000000,2.89896154,636.42858887
14.02000000,2.89896154,630.00006104
14.04000000,2.89896154,630.00006104
14.06000000,2.89896154,636.42858887
14.08000000,2.89896154,636.42858887
14.10000000,2.89896154,636.42858887
14.12000000,2.89896154,636.42858887
14.14000000,2.89896154,636.42858887
14.16000000,2.89896154,636.42858887
14.18000000,2.89896154,642.85717773
14.20000000,2.89896154,636.42858887
14.22000000,2.89896154,636.42858887
14.24000000,2.89896154,642.85717773
14.26000000,2.89896154,636.42858887
14.28000000,2.89896154,636.42858887
14.30000000,2.89896154,642.85717773
14.32000000,2.89896154,636.42858887
14.34000000,2.89896154,642.85717773
14.36000000,2.89896154,636.42858887
14.38000000,2.89896154,636.42858887
14.40000000,2.07637906,636.42858887
14.42000000,2.07637906,636.42858887
14.44000000,2.07637906,617.14288330
14.46000000,2.07637906,604.28576660
14.48000000,2.07637906,597.85717773
14.50000000,2.07637906,591.42864990
14.52000000,2.07637906,585.00006104
14.54000000,2.07637906,578.57147217
14.56000000,2.89896154,578.57147217
14.58000000,2.89896154,585.00006104
14.60000000,2.89896154,597.85717773
14.62000000,2.89896154,610.71435547
14.64000000,2.89896154,617.14288330
14.66000000,2.89896154,617.14288330
14.68000000,2.89896154,630.00006104
14.70000000,2.89896154,623.57147217
14.72000000,2.07637906,630.00006104
14.74000000,2.07637906,623.57147217
14.76000000,2.07637906,610.71435547
14.78000000,2.07637906,597.85717773
14.80000000,2.07637906,591.42864990
14.82000000,2.07637906,585.00006104
14.84000000,2.07637906,585.00006104
14.86000000,2.07637906,578.57147217
14.88000000,2.07637906,578.57147217
14.90000000,2.07637906,578.57147217
14.92000000,2.07637906,572.14288330
14.94000000,2.07637906,578.57147217
14.96000000,2.07637906,572.14288330
14.98000000,2.07637906,572.14288330
15.00000000,2.07637906,572.14288330
15.02000000,2.07637906,572.14288330
15.04000000,2.07637906,565.71429443
15.06000000,2.07637906,572.14288330
15.08000000,2.07637906,565.71429443
15.10000000,2.07637906,572.14288330
15.12000000,2.07637906,565.71429443
15.14000000,2.07637906,572.14288330
15.16000000,2.07637906,572.14288330
15.18000000,2.07637906,565.71429443
15.20000000,2.07637906,572.14288330
15.22000000,2.07637906,572.14288330
15.24000000,2.07637906,565.71429443
15.26000000,2.07637906,572.14288330
15.28000000,2.07637906,572.14288330
15.30000000,2.07637906,565.71429443
15.32000000,2.07637906,572.14288330
15.34000000,2.07637906,572.14288330
15.36000000,2.89896154,572.14288330
15.38000000,2.89896154,578.57147217
15.40000000,2.89896154,591.42864990
15.42000000,2.89896154,604.28576660
15.44000000,2.89896154,617.14288330
15.46000000,2.89896154,617.14288330
15.48000000,2.89896154,623.57147217
15.50000000,2.89896154,623.57147217
15.52000000,2.89896154,630.00006104
15.54000000,2.89896154,623.57147217
15.56000000,2.89896154,630.00006104
15.58000000,2.89896154,630.00006104
15.60000000,2.89896154,630.00006104
15.62000000,2.89896154,630.00006104
15.64000000,2.89896154,636.42858887
15.66000000,2.89896154,636.42858887
15.68000000,2.89896154,636.42858887
15.70000000,2.89896154,630.00006104
15.72000000,2.89896154,636.42858887
15.74000000,2.89896154,636.42858887
15.76000000,2.89896154,636.42858887
15.78000000,2.89896154,636.42858887
15.80000000,2.89896154,636.42858887
15.82000000,2.89896154,642.85717773
15.84000000,2.07637906,636.42858887
15.86000000,2.07637906,630.00006104
15.88000000,2.07637906,617.14288330
15.90000000,2.07637906,604.28576660
15.92000000,2.07637906,597.85717773
15.94000000,2.07637906,591.42864990
15.96000000,2.07637906,578.57147217
15.98000000,2.07637906,585.00006104
16.00000000,2.89896154,578.57147217
16.02000000,2.89896154,585.00006104
16.04000000,2.89896154,597.85717773
16.06000000,2.89896154,604.28576660
16.08000000,2.89896154,617.14288330
16.10000000,2.89896154,623.57147217
16.12000000,2.89896154,623.57147217
16.14000000,2.89896154,630.00006104
16.16000000,2.07637906,630.00006104
16.18000000,2.07637906,623.57147217
16.20000000,2.07637906,610.71435547
16.22000000,2.07637906,604.28576660
16.24000000,2.07637906,597.85717773
16.26000000,2.07637906,585.00006104
16.28000000,2.07637906,585.00006104
16.30000000,2.07637906,585.00006104
16.32000000,2.07637906,578.57147217
16.34000000,2.07637906,572.14288330
16.36000000,2.07637906,578.57147217
16.38000000,2.07637906,572.14288330
16.40000000,2.07637906,572.14288330
16.42000000,2.07637906,572.14288330
16.44000000,2.07637906,572.14288330
16.46000000,2.07637906,572.14288330
16.48000000,2.89896154,572.14288330
16.50000000,2.89896154,578.57147217
16.52000000,2.89896154,597.85717773
16.54000000,2.89896154,604.28576660
16.56000000,2.89896154,610.71435547
16.58000000,2.89896154,617.14288330
16.60000000,2.89896154,623.57147217
16.62000000,2.89896154,623.57147217
16.64000000,2.07637906,623.57147217
16.66000000,2.07637906,630.00006104
16.68000000,2.07637906,610.71435547
16.70000000,2.07637906,604.28576660
16.72000000,2.07637906,591.42864990
16.74000000,2.07637906,591.42864990
16.76000000,2.07637906,585.00006104
16.78000000,2.07637906,578.57147217
16.80000000,2.07637906,578.57147217
16.82000000,2.07637906,572.14288330
16.84000000,2.07637906,578.57147217
16.86000000,2.07637906,572.14288330
16.88000000,2.07637906,578.57147217
16.90000000,2.07637906,572.14288330
16.92000000,2.07637906,572.14288330
16.94000000,2.07637906,572.14288330
16.96000000,2.07637906,572.14288330
16.98000000,2.07637906,572.14288330
17.00000000,2.07637906,572.14288330
17.02000000,2.07637906,572.14288330
17.04000000,2.07637906,565.71429443
17.06000000,2.07637906,572.14288330
17.08000000,2.07637906,572.14288330
17.10000000,2.07637906,572.14288330
17.12000000,2.89896154,572.14288330
17.14000000,2.89896154,578.57147217
17.16000000,2.89896154,591.42864990
17.18000000,2.89896154,610.71435547
17.20000000,2.89896154,610.71435547
17.22000000,2.89896154,617.14288330
17.24000000,2.89896154,623.57147217
17.26000000,2.89896154,623.57147217
17.28000000,2.89896154,630.00006104
17.30000000,2.89896154,636.42858887
17.32000000,2.89896154,630.00006104
17.34000000,2.89896154,636.42858887
17.36000000,2.89896154,636.42858887
17.38000000,2.89896154,630.00006104
17.40000000,2.89896154,636.42858887
17.42000000,2.89896154,636.42858887
17.44000000,2.07637906,636.42858887
17.46000000,2.07637906,630.00006104
17.48000000,2.07637906,617.14288330
17.50000000,2.07637906,604.28576660
17.52000000,2.07637906,591.42864990
17.54000000,2.07637906,591.42864990
17.56000000,2.07637906,578.57147217
17.58000000,2.07637906,585.00006104
17.60000000,2.07637906,572.14288330
17.62000000,2.07637906,578.57147217
17.64000000,2.07637906,572.14288330
17.66000000,2.07637906,572.14288330
17.68000000,2.07637906,572.14288330
17.70000000,2.07637906,572.14288330
17.72000000,2.07637906,572.14288330
17.74000000,2.07637906,572.14288330
17.76000000,2.89896154,572.14288330
17.78000000,2.89896154,585.00006104
17.80000000,2.89896154,591.42864990
17.82000000,2.89896154,610.71435547
17.84000000,2.89896154,610.71435547
17.86000000,2.89896154,623.57147217
17.88000000,2.89896154,623.57147217
17.90000000,2.89896154,630.00006104
17.92000000,2.07637906,630.00006104
17.94000000,2.07637906,623.57147217
17.96000000,2.07637906,610.71435547
17.98000000,2.07637906,604.28576660
18.00000000,2.07637906,591.42864990
18.02000000,2.07637906,591.42864990
18.04000000,2.07637906,585.00006104
18.06000000,2.07637906,578.57147217
18.08000000,2.89896154,578.57147217
18.10000000,2.89896154,585.00006104
18.12000000,2.89896154,604.28576660
18.14000000,2.89896154,610.71435547
18.16000000,2.89896154,617.14288330
18.18000000,2.89896154,623.57147217
18.20000000,2.89896154,630.00006104
18.22000000,2.89896154,630.00006104
18.24000000,2.89896154,630.00006104
18.26000000,2.89896154,630.00006104
18.28000000,2.89896154,636.42858887
18.30000000,2.89896154,630.00006104
18.32000000,2.89896154,630.00006104
18.34000000,2.89896154,642.85717773
18.36000000,2.89896154,630.00006104
18.38000000,2.89896154,636.42858887
18.40000000,2.07637906,636.42858887
18.42000000,2.07637906,630.00006104
18.44000000,2.07637906,617.14288330
18.46000000,2.07637906,604.28576660
18.48000000,2.07637906,597.85717773
18.50000000,2.07637906,591.42864990
18.52000000,2.07637906,585.00006104
18.54000000,2.07637906,578.57147217
18.56000000,2.89896154,572.14288330
18.58000000,2.89896154,585.00006104
18.60000000,2.89896154,597.85717773
18.62000000,2.89896154,604.28576660
18.64000000,2.89896154,617.14288330
18.66000000,2.89896154,623.57147217
18.68000000,2.89896154,623.57147217
18.70000000,2.89896154,630.00006104
18.72000000,2.07637906,630.00006104
18.74000000,2.07637906,623.57147217
18.76000000,2.07637906,617.14288330
18.78000000,2.07637906,597.85717773
18.80000000,2.07637906,597.85717773
18.82000000,2.07637906,591.42864990
18.84000000,2.07637906,585.00006104
18.86000000,2.07637906,585.00006104
18.88000000,2.89896154,578.57147217
18.90000000,2.89896154,585.00006104
18.92000000,2.89896154,597.85717773
18.94000000,2.89896154,610.71435547
18.96000000,2.89896154,617.14288330
18.98000000,2.89896154,623.57147217
19.00000000,2.89896154,630.00006104
19.02000000,2.89896154,623.57147217
19.04000000,2.89896154,630.00006104
19.06000000,2.89896154,630.00006104
19.08000000,2.89896154,630.00006104
19.10000000,2.89896154,636.42858887
19.12000000,2.89896154,636.42858887
19.14000000,2.89896154,636.42858887
19.16000000,2.89896154,636.42858887
19.18000000,2.89896154,642.85717773
19.20000000,2.07637906,636.42858887
19.22000000,2.07637906,630.00006104
19.24000000,2.07637906,617.14288330
19.26000000,2.07637906,610.71435547
19.28000000,2.07637906,591.42864990
19.30000000,2.07637906,591.42864990
19.32000000,2.07637906,585.00006104
19.34000000,2.07637906,585.00006104
19.36000000,2.07637906,578.57147217
19.38000000,2.07637906,578.57147217
19.40000000,2.07637906,578.57147217
19.42000000,2.07637906,572.14288330
19.44000000,2.07637906,578.57147217
19.46000000,2.07637906,572.14288330
19.48000000,2.07637906,572.14288330
19.50000000,2.07637906,572.14288330
19.52000000,2.89896154,572.14288330
19.54000000,2.89896154,578.57147217
19.56000000,2.89896154,591.42864990
19.58000000,2.89896154,610.71435547
19.60000000,2.89896154,610.71435547
19.62000000,2.89896154,623.57147217
19.64000000,2.89896154,623.57147217
19.66000000,2.89896154,623.57147217
19.68000000,2.89896154,630.00006104
19.70000000,2.89896154,630.00006104
19.72000000,2.89896154,630.00006104
19.74000000,2.89896154,636.42858887
19.76000000,2.89896154,636.42858887
19.78000000,2.89896154,636.42858887
19.80000000,2.89896154,636.42858887
19.82000000,2.89896154,636.42858887
19.84000000,2.89896154,636.42858887
19.86000000,2.89896154,636.42858887
19.88000000,2.89896154,636.42858887
19.90000000,2.89896154,636.42858887
19.92000000,2.89896154,642.85717773
19.94000000,2.89896154,636.42858887
19.96000000,2.89896154,636.42858887
19.98000000,2.89896154,636.42858887
20.00000000,2.89896154,636.42858887
20.02000000,2.89896154,636.42858887
20.04000000,2.89896154,636.42858887
20.06000000,2.89896154,636.42858887
20.08000000,2.89896154,636.42858887
20.10000000,2.89896154,642.85717773
20.12000000,2.89896154,636.42858887
20.14000000,2.89896154,636.42858887
20.16000000,2.07637906,636.42858887
20.18000000,2.07637906,636.42858887
20.20000000,2.07637906,617.14288330
20.22000000,2.07637906,604.28576660
20.24000000,2.07637906,597.85717773
20.26000000,2.07637906,591.42864990
20.28000000,2.07637906,585.00006104
20.30000000,2.07637906,578.57147217
20.32000000,2.89896154,578.57147217
20.34000000,2.89896154,585.00006104
20.36000000,2.89896154,597.85717773
20.38000000,2.89896154,610.71435547
20.40000000,2.89896154,617.14288330
20.42000000,2.89896154,623.57147217
20.44000000,2.89896154,623.57147217
20.46000000,2.89896154,630.00006104
20.48000000,2.07637906,630.00006104
20.50000000,2.07637906,623.57147217
20.52000000,2.07637906,610.71435547
20.54000000,2.07637906,597.85717773
20.56000000,2.07637906,597.85717773
20.58000000,2.07637906,585.00006104
20.60000000,2.07637906,585.00006104
20.62000000,2.07637906,578.57147217
20.64000000,2.89896154,578.57147217
20.66000000,2.89896154,585.00006104
20.68000000,2.89896154,604.28576660
20.70000000,2.89896154,604.28576660
20.72000000,2.89896154,610.71435547
20.74000000,2.89896154,623.57147217
20.76000000,2.89896154,630.00006104
20.78000000,2.89896154,623.57147217
20.80000000,2.89896154,636.42858887
20.82000000,2.89896154,630.00006104
20.84000000,2.89896154,636.42858887
20.86000000,2.89896154,636.42858887
20.88000000,2.89896154,636.42858887
20.90000000,2.89896154,636.42858887
20.92000000,2.89896154,636.42858887
20.94000000,2.89896154,636.42858887
20.96000000,2.07637906,636.42858887
20.98000000,2.07637906,630.00006104
21.00000000,2.07637906,617.14288330
21.02000000,2.07637906,604.28576660
21.04000000,2.07637906,597.85717773
21.06000000,2.07637906,591.42864990
21.08000000,2.07637906,585.00006104
21.10000000,2.07637906,578.57147217
21.12000000,2.07637906,578.57147217
21.14000000,2.07637906,578.57147217
21.16000000,2.07637906,578.57147217
21.18000000,2.07637906,572.14288330
21.20000000,2.07637906,578.57147217
21.22000000,2.07637906,572.14288330
21.24000000,2.07637906,572.14288330
21.26000000,2.07637906,572.14288330
21.28000000,2.07637906,572.14288330
21.30000000,2.07637906,572.14288330
21.32000000,2.07637906,572.14288330
21.34000000,2.07637906,572.14288330
21.36000000,2.07637906,572.14288330
21.38000000,2.07637906,572.14288330
21.40000000,2.07637906,578.57147217
21.42000000,2.07637906,572.14288330
21.44000000,2.89896154,572.14288330
21.46000000,2.89896154,578.57147217
21.48000000,2.89896154,597.85717773
21.50000000,2.89896154,604.28576660
21.52000000,2.89896154,610.71435547
21.54000000,2.89896154,617.14288330
21.56000000,2.89896154,623.57147217
21.58000000,2.89896154,623.57147217
21.60000000,2.89896154,630.00006104
21.62000000,2.89896154,636.42858887
21.64000000,2.89896154,630.00006104
21.66000000,2.89896154,630.00006104
21.68000000,2.89896154,636.42858887
21.70000000,2.89896154,636.42858887
21.72000000,2.89896154,636.42858887
21.74000000,2.89896154,636.42858887
21.76000000,2.07637906,636.42858887
21.78000000,2.07637906,623.57147217
21.80000000,2.07637906,617.14288330
21.82000000,2.07637906,604.28576660
21.84000000,2.07637906,597.85717773
21.86000000,2.07637906,585.00006104
21.88000000,2.07637906,585.00006104
21.90000000,2.07637906,578.57147217
21.92000000,2.07637906,578.57147217
21.94000000,2.07637906,578.57147217
21.96000000,2.07637906,578.57147217
21.98000000,2.07637906,572.14288330
22.00000000,2.07637906,572.14288330
22.02000000,2.07637906,572.14288330
22.04000000,2.07637906,565.71429443
22.06000000,2.07637906,565.71429443
22.08000000,2.89896154,565.71429443
22.10000000,2.89896154,585.00006104
22.12000000,2.89896154,597.85717773
22.14000000,2.89896154,604.28576660
22.16000000,2.89896154,617.14288330
22.18000000,2.89896154,623.57147217
22.20000000,2.89896154,623.57147217
22.22000000,2.89896154,630.00006104
22.24000000,2.89896154,630.00006104
22.26000000,2.89896154,630.00006104
22.28000000,2.89896154,636.42858887
22.30000000,2.89896154,636.42858887
22.32000000,2.89896154,630.00006104
22.34000000,2.89896154,630.00006104
22.36000000,2.89896154,630.00006104
22.38000000,2.89896154,642.85717773
22.40000000,2.89896154,636.42858887
22.42000000,2.89896154,636.42858887
22.44000000,2.89896154,636.42858887
22.46000000,2.89896154,636.42858887
22.48000000,2.89896154,642.85717773
22.50000000,2.89896154,636.42858887
22.52000000,2.89896154,636.42858887
22.54000000,2.89896154,636.42858887
22.56000000,2.89896154,636.42858887
22.58000000,2.89896154,636.42858887
22.60000000,2.89896154,636.42858887
22.62000000,2.89896154,636.42858887
22.64000000,2.89896154,636.42858887
22.66000000,2.89896154,636.42858887
22.68000000,2.89896154,642.85717773
22.70000000,2.89896154,636.42858887
22.72000000,2.89896154,642.85717773
22.74000000,2.89896154,636.42858887
22.76000000,2.89896154,636.42858887
22.78000000,2.89896154,636.42858887
22.80000000,2.89896154,636.42858887
22.82000000,2.89896154,636.42858887
22.84000000,2.89896154,642.85717773
22.86000000,2.89896154,636.42858887
22.88000000,2.89896154,636.42858887
22.90000000,2.89896154,636.42858887
22.92000000,2.89896154,636.42858887
22.94000000,2.89896154,636.42858887
22.96000000,2.89896154,642.85717773
22.98000000,2.89896154,636.42858887
23.00000000,2.89896154,636.42858887
23.02000000,2.89896154,636.42858887
23.04000000,2.07637906,636.42858887
23.06000000,2.07637906,630.00006104
23.08000000,2.07637906,617.14288330
23.10000000,2.07637906,604.28576660
23.12000000,2.07637906,591.42864990
23.14000000,2.07637906,591.42864990
23.16000000,2.07637906,585.00006104
23.18000000,2.07637906,578.57147217
23.20000000,2.07637906,572.14288330
23.22000000,2.07637906,572.14288330
23.24000000,2.07637906,572.14288330
23.26000000,2.07637906,572.14288330
23.28000000,2.07637906,572.14288330
23.30000000,2.07637906,565.71429443
23.32000000,2.07637906,572.14288330
23.34000000,2.07637906,572.14288330
23.36000000,2.89896154,565.71429443
23.38000000,2.89896154,578.57147217
23.40000000,2.89896154,591.42864990
23.42000000,2.89896154,604.28576660
23.44000000,2.89896154,617.14288330
23.46000000,2.89896154,617.14288330
23.48000000,2.89896154,617.14288330
23.50000000,2.89896154,630.00006104
23.52000000,2.07637906,623.57147217
23.54000000,2.07637906,623.57147217
23.56000000,2.07637906,604.28576660
23.58000000,2.07637906,597.85717773
23.60000000,2.07637906,591.42864990
23.62000000,2.07637906,591.42864990
23.64000000,2.07637906,578.57147217
23.66000000,2.07637906,578.57147217
23.68000000,2.89896154,578.57147217
23.70000000,2.89896154,585.00006104
23.72000000,2.89896154,597.85717773
23.74000000,2.89896154,610.71435547
23.76000000,2.89896154,617.14288330
23.78000000,2.89896154,623.57147217
23.80000000,2.89896154,630.00006104
23.82000000,2.89896154,623.57147217
23.84000000,2.07637906,636.42858887
23.86000000,2.07637906,623.57147217
23.88000000,2.07637906,610.71435547
23.90000000,2.07637906,604.28576660
23.92000000,2.07637906,591.42864990
23.94000000,2.07637906,591.42864990
23.96000000,2.07637906,585.00006104
23.98000000,2.07637906,578.57147217
24.00000000,2.89896154,578.57147217
24.02000000,2.89896154,585.00006104
24.04000000,2.89896154,597.85717773
24.06000000,2.89896154,610.71435547
24.08000000,2.89896154,610.71435547
24.10000000,2.89896154,623.57147217
24.12000000,2.89896154,623.57147217
24.14000000,2.89896154,630.00006104
24.16000000,2.07637906,630.00006104
24.18000000,2.07637906,623.57147217
24.20000000,2.07637906,617.14288330
24.22000000,2.07637906,604.28576660
24.24000000,2.07637906,591.42864990
24.26000000,2.07637906,591.42864990
24.28000000,2.07637906,585.00006104
24.30000000,2.07637906,585.00006104
24.32000000,2.89896154,578.57147217
24.34000000,2.89896154,585.00006104
24.36000000,2.89896154,604.28576660
24.38000000,2.89896154,610.71435547
24.40000000,2.89896154,617.14288330
24.42000000,2.89896154,623.57147217
24.44000000,2.89896154,630.00006104
24.46000000,2.89896154,630.00006104
24.48000000,2.07637906,630.00006104
24.50000000,2.07637906,630.00006104
24.52000000,2.07637906,610.71435547
24.54000000,2.07637906,604.28576660
24.56000000,2.07637906,591.42864990
24.58000000,2.07637906,591.42864990
24.60000000,2.07637906,578.57147217
24.62000000,2.07637906,585.00006104
24.64000000,2.07637906,578.57147217
24.66000000,2.07637906,578.57147217
24.68000000,2.07637906,572.14288330
24.70000000,2.07637906,578.57147217
24.72000000,2.07637906,572.14288330
24.74000000,2.07637906,572.14288330
24.76000000,2.07637906,572.14288330
24.78000000,2.07637906,572.14288330
24.80000000,2.89896154,572.14288330
24.82000000,2.89896154,585.00006104
24.84000000,2.89896154,591.42864990
24.86000000,2.89896154,610.71435547
24.88000000,2.89896154,617.14288330
24.90000000,2.89896154,623.57147217
24.92000000,2.89896154,623.57147217
24.94000000,2.89896154,630.00006104
24.96000000,2.89896154,630.00006104
24.98000000,2.89896154,630.00006104
25.00000000,2.89896154,636.42858887
25.02000000,2.89896154,630.00006104
25.04000000,2.89896154,636.42858887
25.06000000,2.89896154,636.42858887
25.08000000,2.89896154,630.00006104
25.10000000,2.89896154,636.42858887
25.12000000,2.07637906,636.42858887
25.14000000,2.07637906,630.00006104
25.16000000,2.07637906,617.14288330
25.18000000,2.07637906,604.28576660
25.20000000,2.07637906,597.85717773
25.22000000,2.07637906,591.42864990
25.24000000,2.07637906,585.00006104
25.26000000,2.07637906,578.57147217
25.28000000,2.07637906,578.57147217
25.30000000,2.07637906,578.57147217
25.32000000,2.07637906,578.57147217
25.34000000,2.07637906,572.14288330
25.36000000,2.07637906,572.14288330
25.38000000,2.07637906,572.14288330
25.40000000,2.07637906,572.14288330
25.42000000,2.07637906,572.14288330
25.44000000,2.89896154,572.14288330
25.46000000,2.89896154,578.57147217
25.48000000,2.89896154,597.85717773
25.50000000,2.89896154,604.28576660
25.52000000,2.89896154,610.71435547
25.54000000,2.89896154,617.14288330
25.56000000,2.89896154,623.57147217
25.58000000,2.89896154,630.00006104
25.60000000,2.89896154,623.57147217
25.62000000,2.89896154,636.42858887
25.64000000,2.89896154,630.00006104
25.66000000,2.89896154,636.42858887
25.68000000,2.89896154,630.00006104
25.70000000,2.89896154,636.42858887
25.72000000,2.89896154,636.42858887
25.74000000,2.89896154,636.42858887
25.76000000,2.07637906,636.42858887
25.78000000,2.07637906,630.00006104
25.80000000,2.07637906,617.14288330
25.82000000,2.07637906,604.28576660
25.84000000,2.07637906,597.85717773
25.86000000,2.07637906,591.42864990
25.88000000,2.07637906,585.00006104
25.90000000,2.07637906,578.57147217
25.92000000,2.07637906,578.57147217
25.94000000,2.07637906,572.14288330
25.96000000,2.07637906,578.57147217
25.98000000,2.07637906,572.14288330
26.00000000,2.07637906,572.14288330
26.02000000,2.07637906,578.57147217
26.04000000,2.07637906,565.71429443
26.06000000,2.07637906,572.14288330
26.08000000,2.89896154,572.14288330
26.10000000,2.89896154,578.57147217
26.12000000,2.89896154,597.85717773
26.14000000,2.89896154,604.28576660
26.16000000,2.89896154,617.14288330
26.18000000,2.89896154,623.57147217
26.20000000,2.89896154,623.57147217
26.22000000,2.89896154,630.00006104
26.24000000,2.07637906,630.00006104
26.26000000,2.07637906,623.57147217
26.28000000,2.07637906,617.14288330
26.30000000,2.07637906,597.85717773
26.32000000,2.07637906,591.42864990
26.34000000,2.07637906,591.42864990
26.36000000,2.07637906,585.00006104
26.38000000,2.07637906,585.00006104
26.40000000,2.89896154,578.57147217
26.42000000,2.89896154,585.00006104
26.44000000,2.89896154,604.28576660
26.46000000,2.89896154,610.71435547
26.48000000,2.89896154,617.14288330
26.50000000,2.89896154,623.57147217
26.52000000,2.89896154,623.57147217
26.54000000,2.89896154,630.00006104
26.56000000,2.07637906,630.00006104
26.58000000,2.07637906,623.57147217
26.60000000,2.07637906,610.71435547
26.62000000,2.07637906,597.85717773
26.64000000,2.07637906,597.85717773
26.66000000,2.07637906,591.42864990
26.68000000,2.07637906,585.00006104
26.70000000,2.07637906,585.00006104
26.72000000,2.07637906,578.57147217
26.74000000,2.07637906,578.57147217
26.76000000,2.07637906,578.57147217
26.78000000,2.07637906,572.14288330
26.80000000,2.07637906,578.57147217
26.82000000,2.07637906,572.14288330
26.84000000,2.07637906,572.14288330
26.86000000,2.07637906,565.71429443
26.88000000,2.89896154,578.57147217
26.90000000,2.89896154,578.57147217
26.92000000,2.89896154,597.85717773
26.94000000,2.89896154,604.28576660
26.96000000,2.89896154,617.14288330
26.98000000,2.89896154,623.57147217
27.00000000,2.89896154,623.57147217
27.02000000,2.89896154,623.57147217
27.04000000,2.89896154,630.00006104
27.06000000,2.89896154,630.00006104
27.08000000,2.89896154,636.42858887
27.10000000,2.89896154,630.00006104
27.12000000,2.89896154,636.42858887
27.14000000,2.89896154,630.00006104
27.16000000,2.89896154,636.42858887
27.18000000,2.89896154,636.42858887
27.20000000,2.89896154,636.42858887
27.22000000,2.89896154,636.42858887
27.24000000,2.89896154,636.42858887
27.26000000,2.89896154,630.00006104
27.28000000,2.89896154,636.42858887
27.30000000,2.89896154,636.42858887
27.32000000,2.89896154,642.85717773
27.34000000,2.89896154,636.42858887
27.36000000,2.89896154,636.42858887
27.38000000,2.89896154,636.42858887
27.40000000,2.89896154,642.85717773
27.42000000,2.89896154,636.42858887
27.44000000,2.89896154,636.42858887
27.46000000,2.89896154,642.85717773
27.48000000,2.89896154,636.42858887
27.50000000,2.89896154,636.42858887
27.52000000,2.89896154,636.42858887
27.54000000,2.89896154,636.42858887
27.56000000,2.89896154,636.42858887
27.58000000,2.89896154,642.85717773
27.60000000,2.89896154,636.42858887
27.62000000,2.89896154,636.42858887
27.64000000,2.89896154,642.85717773
27.66000000,2.89896154,636.42858887
27.68000000,2.07637906,636.42858887
27.70000000,2.07637906,636.42858887
27.72000000,2.07637906,617.14288330
27.74000000,2.07637906,604.28576660
27.76000000,2.07637906,597.85717773
27.78000000,2.07637906,591.42864990
27.80000000,2.07637906,585.00006104
27.82000000,2.07637906,585.00006104
27.84000000,2.89896154,578.57147217
27.86000000,2.89896154,585.00006104
27.88000000,2.89896154,597.85717773
27.90000000,2.89896154,610.71435547
27.92000000,2.89896154,617.14288330
27.94000000,2.89896154,623.57147217
27.96000000,2.89896154,623.57147217
27.98000000,2.89896154,630.00006104
28.00000000,2.07637906,630.00006104
28.02000000,2.07637906,623.57147217
28.04000000,2.07637906,610.71435547
28.06000000,2.07637906,597.85717773
28.08000000,2.07637906,597.85717773
28.10000000,2.07637906,585.00006104
28.12000000,2.07637906,585.00006104
28.14000000,2.07637906,585.00006104
28.16000000,2.07637906,578.57147217
28.18000000,2.07637906,572.14288330
28.20000000,2.07637906,572.14288330
28.22000000,2.07637906,572.14288330
28.24000000,2.07637906,572.14288330
28.26000000,2.07637906,572.14288330
28.28000000,2.07637906,578.57147217
28.30000000,2.07637906,565.71429443
28.32000000,2.89896154,572.14288330
28.34000000,2.89896154,585.00006104
28.36000000,2.89896154,591.42864990
28.38000000,2.89896154,610.71435547
28.40000000,2.89896154,610.71435547
28.42000000,2.89896154,623.57147217
28.44000000,2.89896154,623.57147217
28.46000000,2.89896154,630.00006104
28.48000000,2.89896154,630.00006104
28.50000000,2.89896154,630.00006104
28.52000000,2.89896154,630.00006104
28.54000000,2.89896154,636.42858887
28.56000000,2.89896154,630.00006104
28.58000000,2.89896154,636.42858887
28.60000000,2.89896154,630.00006104
28.62000000,2.89896154,636.42858887
28.64000000,2.89896154,636.42858887
28.66000000,2.89896154,642.85717773
28.68000000,2.89896154,636.42858887
28.70000000,2.89896154,636.42858887
28.72000000,2.89896154,636.42858887
28.74000000,2.89896154,636.42858887
28.76000000,2.89896154,642.85717773
28.78000000,2.89896154,636.42858887
28.80000000,2.07637906,636.42858887
28.82000000,2.07637906,636.42858887
28.84000000,2.07637906,617.14288330
28.86000000,2.07637906,604.28576660
28.88000000,2.07637906,597.85717773
28.90000000,2.07637906,591.42864990
28.92000000,2.07637906,591.42864990
28.94000000,2.07637906,578.57147217
28.96000000,2.07637906,585.00006104
28.98000000,2.07637906,578.57147217
29.00000000,2.07637906,572.14288330
29.02000000,2.07637906,578.57147217
29.04000000,2.07637906,572.14288330
29.06000000,2.07637906,572.14288330
29.08000000,2.07637906,572.14288330
29.10000000,2.07637906,572.14288330
29.12000000,2.07637906,572.14288330
29.14000000,2.07637906,572.14288330
29.16000000,2.07637906,572.14288330
29.18000000,2.07637906,572.14288330
29.20000000,2.07637906,572.14288330
29.22000000,2.07637906,572.14288330
29.24000000,2.07637906,565.71429443
29.26000000,2.07637906,578.57147217
29.28000000,2.07637906,565.71429443
29.30000000,2.07637906,578.57147217
29.32000000,2.07637906,565.71429443
29.34000000,2.07637906,572.14288330
29.36000000,2.07637906,565.71429443
29.38000000,2.07637906,572.14288330
29.40000000,2.07637906,572.14288330
29.42000000,2.07637906,572.14288330
29.44000000,2.89896154,572.14288330
29.46000000,2.89896154,585.00006104
29.48000000,2.89896154,591.42864990
29.50000000,2.89896154,610.71435547
29.52000000,2.89896154,610.71435547
29.54000000,2.89896154,617.14288330
29.56000000,2.89896154,623.57147217
29.58000000,2.89896154,623.57147217
29.60000000,2.07637906,630.00006104
29.62000000,2.07637906,623.57147217
29.64000000,2.07637906,604.28576660
29.66000000,2.07637906,604.28576660
29.68000000,2.07637906,591.42864990
29.70000000,2.07637906,591.42864990
29.72000000,2.07637906,585.00006104
29.74000000,2.07637906,578.57147217
29.76000000,2.07637906,578.57147217
29.78000000,2.07637906,572.14288330
29.80000000,2.07637906,578.57147217
29.82000000,2.07637906,572.14288330
29.84000000,2.07637906,572.14288330
29.86000000,2.07637906,572.14288330
29.88000000,2.07637906,572.14288330
29.90000000,2.07637906,572.14288330
29.92000000,2.07637906,578.57147217
29.94000000,2.07637906,565.71429443
29.96000000,2.07637906,572.14288330
29.98000000,2.07637906,572.14288330
30.00000000,2.07637906,572.14288330
30.02000000,2.07637906,572.14288330
30.04000000,2.07637906,572.14288330
30.06000000,2.07637906,572.14288330
30.08000000,2.89896154,565.71429443
30.10000000,2.89896154,578.57147217
30.12000000,2.89896154,597.85717773
30.14000000,2.89896154,604.28576660
30.16000000,2.89896154,617.14288330
30.18000000,2.89896154,617.14288330
30.20000000,2.89896154,623.57147217
30.22000000,2.89896154,630.00006104
30.24000000,2.89896154,630.00006104
30.26000000,2.89896154,636.42858887
30.28000000,2.89896154,630.00006104
30.30000000,2.89896154,636.42858887
30.32000000,2.89896154,636.42858887
30.34000000,2.89896154,636.42858887
30.36000000,2.89896154,636.42858887
30.38000000,2.89896154,636.42858887
30.40000000,2.07637906,636.42858887
30.42000000,2.07637906,630.00006104
30.44000000,2.07637906,610.71435547
30.46000000,2.07637906,604.28576660
30.48000000,2.07637906,591.42864990
30.50000000,2.07637906,591.42864990
30.52000000,2.07637906,585.00006104
30.54000000,2.07637906,578.57147217
30.56000000,2.89896154,578.57147217
30.58000000,2.89896154,585.00006104
30.60000000,2.89896154,597.85717773
30.62000000,2.89896154,604.28576660
30.64000000,2.89896154,617.14288330
30.66000000,2.89896154,623.57147217
30.68000000,2.89896154,623.57147217
30.70000000,2.89896154,630.00006104
30.72000000,2.89896154,630.00006104
30.74000000,2.89896154,636.42858887
30.76000000,2.89896154,636.42858887
30.78000000,2.89896154,630.00006104
30.80000000,2.89896154,636.42858887
30.82000000,2.89896154,636.42858887
30.84000000,2.89896154,636.42858887
30.86000000,2.89896154,636.42858887
30.88000000,2.07637906,636.42858887
30.90000000,2.07637906,630.00006104
30.92000000,2.07637906,617.14288330
30.94000000,2.07637906,610.71435547
30.96000000,2.07637906,597.85717773
30.98000000,2.07637906,591.42864990
31.00000000,2.07637906,591.42864990
31.02000000,2.07637906,578.57147217
31.04000000,2.07637906,578.57147217
31.06000000,2.07637906,578.57147217
31.08000000,2.07637906,572.14288330
31.10000000,2.07637906,572.14288330
31.12000000,2.07637906,572.14288330
31.14000000,2.07637906,572.14288330
31.16000000,2.07637906,572.14288330
31.18000000,2.07637906,572.14288330
31.20000000,2.89896154,572.14288330
31.22000000,2.89896154,578.57147217
31.24000000,2.89896154,597.85717773
31.26000000,2.89896154,610.71435547
31.28000000,2.89896154,617.14288330
31.30000000,2.89896154,617.14288330
31.32000000,2.89896154,630.00006104
31.34000000,2.89896154,630.00006104
31.36000000,2.07637906,630.00006104
31.38000000,2.07637906,623.57147217
31.40000000,2.07637906,617.14288330
31.42000000,2.07637906,604.28576660
31.44000000,2.07637906,591.42864990
31.46000000,2.07637906,585.00006104
31.48000000,2.07637906,591.42864990
31.50000000,2.07637906,578.57147217
31.52000000,2.07637906,578.57147217
31.54000000,2.07637906,578.57147217
31.56000000,2.07637906,578.57147217
31.58000000,2.07637906,572.14288330
31.60000000,2.07637906,572.14288330
31.62000000,2.07637906,578.57147217
31.64000000,2.07637906,572.14288330
31.66000000,2.07637906,572.14288330
31.68000000,2.07637906,572.14288330
31.70000000,2.07637906,572.14288330
31.72000000,2.07637906,572.14288330
31.74000000,2.07637906,578.57147217
31.76000000,2.07637906,572.14288330
31.78000000,2.07637906,572.14288330
31.80000000,2.07637906,572.14288330
31.82000000,2.07637906,572.14288330
31.84000000,2.89896154,572.14288330
31.86000000,2.89896154,585.00006104
31.88000000,2.89896154,597.85717773
31.90000000,2.89896154,610.71435547
31.92000000,2.89896154,617.14288330
31.94000000,2.89896154,623.57147217
31.96000000,2.89896154,630.00006104
31.98000000,2.89896154,630.00006104
32.00000000,2.07637906,630.00006104
32.02000000,2.07637906,623.57147217
32.04000000,2.07637906,617.14288330
32.06000000,2.07637906,597.85717773
32.08000000,2.07637906,597.85717773
32.10000000,2.07637906,591.42864990
32.12000000,2.07637906,585.00006104
32.14000000,2.07637906,585.00006104
32.16000000,2.89896154,578.57147217
32.18000000,2.89896154,585.00006104
32.20000000,2.89896154,604.28576660
32.22000000,2.89896154,610.71435547
32.24000000,2.89896154,617.14288330
32.26000000,2.89896154,623.57147217
32.28000000,2.89896154,630.00006104
32.30000000,2.89896154,630.00006104
32.32000000,2.07637906,636.42858887
32.34000000,2.07637906,623.57147217
32.36000000,2.07637906,617.14288330
32.38000000,2.07637906,604.28576660
32.40000000,2.07637906,597.85717773
32.42000000,2.07637906,591.42864990
32.44000000,2.07637906,591.42864990
32.46000000,2.07637906,578.57147217
32.48000000,2.07637906,578.57147217
32.50000000,2.07637906,578.57147217
32.52000000,2.07637906,578.57147217
32.54000000,2.07637906,572.14288330
32.56000000,2.07637906,572.14288330
32.58000000,2.07637906,572.14288330
32.60000000,2.07637906,572.14288330
32.62000000,2.07637906,572.14288330
32.64000000,2.89896154,572.14288330
32.66000000,2.89896154,585.00006104
32.68000000,2.89896154,597.85717773
32.70000000,2.89896154,610.71435547
32.72000000,2.89896154,617.14288330
32.74000000,2.89896154,623.57147217
32.76000000,2.89896154,623.57147217
32.78000000,2.89896154,630.00006104
32.80000000,2.89896154,630.00006104
32.82000000,2.89896154,630.00006104
32.84000000,2.89896154,636.42858887
32.86000000,2.89896154,636.42858887
32.88000000,2.89896154,636.42858887
32.90000000,2.89896154,636.42858887
32.92000000,2.89896154,642.85717773
32.94000000,2.89896154,636.42858887
32.96000000,2.07637906,636.42858887
32.98000000,2.07637906,636.42858887
33.00000000,2.07637906,617.14288330
33.02000000,2.07637906,604.28576660
33.04000000,2.07637906,597.85717773
33.06000000,2.07637906,591.42864990
33.08000000,2.07637906,591.42864990
33.10000000,2.07637906,578.57147217
33.12000000,2.89896154,578.57147217
33.14000000,2.89896154,591.42864990
33.16000000,2.89896154,597.85717773
33.18000000,2.89896154,610.71435547
33.20000000,2.89896154,617.14288330
33.22000000,2.89896154,617.14288330
33.24000000,2.89896154,630.00006104
33.26000000,2.89896154,630.00006104
33.28000000,2.89896154,636.42858887
33.30000000,2.89896154,630.00006104
33.32000000,2.89896154,630.00006104
33.34000000,2.89896154,642.85717773
33.36000000,2.89896154,636.42858887
33.38000000,2.89896154,636.42858887
33.40000000,2.89896154,636.42858887
33.42000000,2.89896154,636.42858887
33.44000000,2.89896154,636.42858887
33.46000000,2.89896154,642.85717773
33.48000000,2.89896154,636.42858887
33.50000000,2.89896154,642.85717773
33.52000000,2.89896154,636.42858887
33.54000000,2.89896154,642.85717773
33.56000000,2.89896154,636.42858887
33.58000000,2.89896154,636.42858887
33.60000000,2.89896154,642.85717773
33.62000000,2.89896154,636.42858887
33.64000000,2.89896154,642.85717773
33.66000000,2.89896154,642.85717773
33.68000000,2.89896154,636.42858887
33.70000000,2.89896154,642.85717773
33.72000000,2.89896154,642.85717773
33.74000000,2.89896154,636.42858887
33.76000000,2.07637906,642.85717773
33.78000000,2.07637906,630.00006104
33.80000000,2.07637906,617.14288330
33.82000000,2.07637906,604.28576660
33.84000000,2.07637906,604.28576660
33.86000000,2.07637906,591.42864990
33.88000000,2.07637906,585.00006104
33.90000000,2.07637906,585.00006104
33.92000000,2.89896154,578.57147217
33.94000000,2.89896154,585.00006104
33.96000000,2.89896154,604.28576660
33.98000000,2.89896154,610.71435547
34.00000000,2.89896154,617.14288330
34.02000000,2.89896154,623.57147217
34.04000000,2.89896154,623.57147217
34.06000000,2.89896154,630.00006104
34.08000000,2.89896154,630.00006104
34.10000000,2.89896154,636.42858887
34.12000000,2.89896154,630.00006104
34.14000000,2.89896154,630.00006104
34.16000000,2.89896154,636.42858887
34.18000000,2.89896154,636.42858887
34.20000000,2.89896154,642.85717773
34.22000000,2.89896154,636.42858887
34.24000000,2.89896154,636.42858887
34.26000000,2.89896154,636.42858887
34.28000000,2.89896154,636.42858887
34.30000000,2.89896154,636.42858887
34.32000000,2.89896154,642.85717773
34.34000000,2.89896154,642.85717773
34.36000000,2.89896154,636.42858887
34.38000000,2.89896154,642.85717773
34.40000000,2.07637906,636.42858887
34.42000000,2.07637906,636.42858887
34.44000000,2.07637906,617.14288330
34.46000000,2.07637906,610.71435547
34.48000000,2.07637906,597.85717773
34.50000000,2.07637906,597.85717773
34.52000000,2.07637906,585.00006104
34.54000000,2.07637906,585.00006104
34.56000000,2.89896154,578.57147217
34.58000000,2.89896154,585.00006104
34.60000000,2.89896154,597.85717773
34.62000000,2.89896154,617.14288330
34.64000000,2.89896154,617.14288330
34.66000000,2.89896154,623.57147217
34.68000000,2.89896154,623.57147217
34.70000000,2.89896154,630.00006104
34.72000000,2.07637906,636.42858887
34.74000000,2.07637906,623.57147217
34.76000000,2.07637906,617.14288330
34.78000000,2.07637906,604.28576660
34.80000000,2.07637906,597.85717773
34.82000000,2.07637906,597.85717773
34.84000000,2.07637906,585.00006104
34.86000000,2.07637906,585.00006104
34.88000000,2.89896154,578.57147217
34.90000000,2.89896154,591.42864990
34.92000000,2.89896154,604.28576660
34.94000000,2.89896154,610.71435547
34.96000000,2.89896154,623.57147217
34.98000000,2.89896154,623.57147217
35.00000000,2.89896154,630.00006104
35.02000000,2.89896154,630.00006104
35.04000000,2.07637906,630.00006104
35.06000000,2.07637906,630.00006104
35.08000000,2.07637906,610.71435547
35.10000000,2.07637906,604.28576660
35.12000000,2.07637906,597.85717773
35.14000000,2.07637906,591.42864990
35.16000000,2.07637906,591.42864990
35.18000000,2.07637906,578.57147217
35.20000000,2.89896154,585.00006104
35.22000000,2.89896154,585.00006104
35.24000000,2.89896154,604.28576660
35.26000000,2.89896154,610.71435547
35.28000000,2.89896154,617.14288330
35.30000000,2.89896154,630.00006104
35.32000000,2.89896154,623.57147217
35.34000000,2.89896154,636.42858887
35.36000000,2.89896154,630.00006104
35.38000000,2.89896154,636.42858887
35.40000000,2.89896154,636.42858887
35.42000000,2.89896154,636.42858887
35.44000000,2.89896154,636.42858887
35.46000000,2.89896154,642.85717773
35.48000000,2.89896154,636.42858887
35.50000000,2.89896154,636.42858887
35.52000000,2.89896154,642.85717773
35.54000000,2.89896154,636.42858887
35.56000000,2.89896154,636.42858887
35.58000000,2.89896154,636.42858887
35.60000000,2.89896154,642.85717773
35.62000000,2.89896154,636.42858887
35.64000000,2.89896154,642.85717773
35.66000000,2.89896154,636.42858887
35.68000000,2.07637906,642.85717773
35.70000000,2.07637906,630.00006104
35.72000000,2.07637906,617.14288330
35.74000000,2.07637906,610.71435547
35.76000000,2.07637906,597.85717773
35.78000000,2.07637906,591.42864990
35.80000000,2.07637906,585.00006104
35.82000000,2.07637906,585.00006104
35.84000000,2.07637906,578.57147217
35.86000000,2.07637906,572.14288330
35.88000000,2.07637906,572.14288330
35.90000000,2.07637906,578.57147217
35.92000000,2.07637906,572.14288330
35.94000000,2.07637906,572.14288330
35.96000000,2.07637906,572.14288330
35.98000000,2.07637906,578.57147217
36.00000000,2.89896154,565.71429443
36.02000000,2.89896154,578.57147217
36.04000000,2.89896154,591.42864990
36.06000000,2.89896154,610.71435547
36.08000000,2.89896154,610.71435547
36.10000000,2.89896154,617.14288330
36.12000000,2.89896154,623.57147217
36.14000000,2.89896154,630.00006104
36.16000000,2.89896154,630.00006104
36.18000000,2.89896154,630.00006104
36.20000000,2.89896154,636.42858887
36.22000000,2.89896154,636.42858887
36.24000000,2.89896154,636.42858887
36.26000000,2.89896154,636.42858887
36.28000000,2.89896154,636.42858887
36.30000000,2.89896154,636.42858887
36.32000000,2.07637906,636.42858887
36.34000000,2.07637906,630.00006104
36.36000000,2.07637906,617.14288330
36.38000000,2.07637906,610.71435547
36.40000000,2.07637906,597.85717773
36.42000000,2.07637906,591.42864990
36.44000000,2.07637906,585.00006104
36.46000000,2.07637906,585.00006104
36.48000000,2.07637906,578.57147217
36.50000000,2.07637906,578.57147217
36.52000000,2.07637906,578.57147217
36.54000000,2.07637906,572.14288330
36.56000000,2.07637906,572.14288330
36.58000000,2.07637906,572.14288330
36.60000000,2.07637906,572.14288330
36.62000000,2.07637906,572.14288330
36.64000000,2.89896154,572.14288330
36.66000000,2.89896154,578.57147217
36.68000000,2.89896154,597.85717773
36.70000000,2.89896154,610.71435547
36.72000000,2.89896154,617.14288330
36.74000000,2.89896154,617.14288330
36.76000000,2.89896154,630.00006104
36.78000000,2.89896154,630.00006104
36.80000000,2.89896154,630.00006104
36.82000000,2.89896154,630.00006104
36.84000000,2.89896154,636.42858887
36.86000000,2.89896154,636.42858887
36.88000000,2.89896154,636.42858887
36.90000000,2.89896154,636.42858887
36.92000000,2.89896154,636.42858887
36.94000000,2.89896154,636.42858887
36.96000000,2.89896154,642.85717773
36.98000000,2.89896154,636.42858887
37.00000000,2.89896154,636.42858887
37.02000000,2.89896154,636.42858887
37.04000000,2.89896154,636.42858887
37.06000000,2.89896154,636.42858887
37.08000000,2.89896154,636.42858887
37.10000000,2.89896154,636.42858887
37.12000000,2.07637906,642.85717773
37.14000000,2.07637906,630.00006104
37.16000000,2.07637906,617.14288330
37.18000000,2.07637906,604.28576660
37.20000000,2.07637906,597.85717773
37.22000000,2.07637906,591.42864990
37.24000000,2.07637906,585.00006104
37.26000000,2.07637906,585.00006104
37.28000000,2.89896154,578.57147217
37.30000000,2.89896154,591.42864990
37.32000000,2.89896154,597.85717773
37.34000000,2.89896154,610.71435547
37.36000000,2.89896154,617.14288330
37.38000000,2.89896154,623.57147217
37.40000000,2.89896154,630.00006104
37.42000000,2.89896154,630.00006104
37.44000000,2.89896154,630.00006104
37.46000000,2.89896154,636.42858887
37.48000000,2.89896154,636.42858887
37.50000000,2.89896154,636.42858887
37.52000000,2.89896154,630.00006104
37.54000000,2.89896154,636.42858887
37.56000000,2.89896154,636.42858887
37.58000000,2.89896154,636.42858887
37.60000000,2.89896154,636.42858887
37.62000000,2.89896154,642.85717773
37.64000000,2.89896154,636.42858887
37.66000000,2.89896154,636.42858887
37.68000000,2.89896154,642.85717773
37.70000000,2.89896154,636.42858887
37.72000000,2.89896154,642.85717773
37.74000000,2.89896154,636.42858887
37.76000000,2.07637906,642.85717773
37.78000000,2.07637906,630.00006104
37.80000000,2.07637906,617.14288330
37.82000000,2.07637906,610.71435547
37.84000000,2.07637906,597.85717773
37.86000000,2.07637906,591.42864990
37.88000000,2.07637906,591.42864990
37.90000000,2.07637906,578.57147217
37.92000000,2.89896154,585.00006104
37.94000000,2.89896154,585.00006104
37.96000000,2.89896154,604.28576660
37.98000000,2.89896154,610.71435547
38.00000000,2.89896154,617.14288330
38.02000000,2.89896154,623.57147217
38.04000000,2.89896154,623.57147217
38.06000000,2.89896154,630.00006104
38.08000000,2.89896154,630.00006104
38.10000000,2.89896154,636.42858887
38.12000000,2.89896154,630.00006104
38.14000000,2.89896154,636.42858887
38.16000000,2.89896154,636.42858887
38.18000000,2.89896154,636.42858887
38.20000000,2.89896154,642.85717773
38.22000000,2.89896154,636.42858887
38.24000000,2.89896154,636.42858887
38.26000000,2.89896154,642.85717773
38.28000000,2.89896154,636.42858887
38.30000000,2.89896154,642.85717773
38.32000000,2.89896154,636.42858887
38.34000000,2.89896154,642.85717773
38.36000000,2.89896154,636.42858887
38.38000000,2.89896154,642.85717773
38.40000000,2.07637906,642.85717773
38.42000000,2.07637906,630.00006104
38.44000000,2.07637906,617.14288330
38.46000000,2.07637906,610.71435547
38.48000000,2.07637906,597.85717773
38.50000000,2.07637906,591.42864990
38.52000000,2.07637906,591.42864990
38.54000000,2.07637906,578.57147217
38.56000000,2.07637906,578.57147217
38.58000000,2.07637906,578.57147217
38.60000000,2.07637906,572.14288330
38.62000000,2.07637906,572.14288330
38.64000000,2.07637906,572.14288330
38.66000000,2.07637906,572.14288330
38.68000000,2.07637906,572.14288330
38.70000000,2.07637906,578.57147217
38.72000000,2.89896154,572.14288330
38.74000000,2.89896154,578.57147217
38.76000000,2.89896154,597.85717773
38.78000000,2.89896154,610.71435547
38.80000000,2.89896154,610.71435547
38.82000000,2.89896154,617.14288330
38.84000000,2.89896154,630.00006104
38.86000000,2.89896154,623.57147217
38.88000000,2.89896154,636.42858887
38.90000000,2.89896154,630.00006104
38.92000000,2.89896154,636.42858887
38.94000000,2.89896154,636.42858887
38.96000000,2.89896154,636.42858887
38.98000000,2.89896154,636.42858887
39.00000000,2.89896154,636.42858887
39.02000000,2.89896154,642.85717773
39.04000000,2.89896154,630.00006104
39.06000000,2.89896154,636.42858887
39.08000000,2.89896154,636.42858887
39.10000000,2.89896154,636.42858887
39.12000000,2.89896154,636.42858887
39.14000000,2.89896154,642.85717773
39.16000000,2.89896154,636.42858887
39.18000000,2.89896154,642.85717773
39.20000000,2.07637906,636.42858887
39.22000000,2.07637906,636.42858887
39.24000000,2.07637906,617.14288330
39.26000000,2.07637906,604.28576660
39.28000000,2.07637906,604.28576660
39.30000000,2.07637906,591.42864990
39.32000000,2.07637906,585.00006104
39.34000000,2.07637906,585.00006104
39.36000000,2.89896154,578.57147217
39.38000000,2.89896154,591.42864990
39.40000000,2.89896154,597.85717773
39.42000000,2.89896154,617.14288330
39.44000000,2.89896154,617.14288330
39.46000000,2.89896154,623.57147217
39.48000000,2.89896154,630.00006104
39.50000000,2.89896154,630.00006104
39.52000000,2.07637906,630.00006104
39.54000000,2.07637906,623.57147217
39.56000000,2.07637906,610.71435547
39.58000000,2.07637906,604.28576660
39.60000000,2.07637906,597.85717773
39.62000000,2.07637906,591.42864990
39.64000000,2.07637906,585.00006104
39.66000000,2.07637906,585.00006104
39.68000000,2.89896154,578.57147217
39.70000000,2.89896154,591.42864990
39.72000000,2.89896154,597.85717773
39.74000000,2.89896154,617.14288330
39.76000000,2.89896154,617.14288330
39.78000000,2.89896154,623.57147217
39.80000000,2.89896154,630.00006104
39.82000000,2.89896154,630.00006104
39.84000000,2.07637906,636.42858887
39.86000000,2.07637906,623.57147217
39.88000000,2.07637906,617.14288330
39.90000000,2.07637906,604.28576660
39.92000000,2.07637906,597.85717773
39.94000000,2.07637906,597.85717773
39.96000000,2.07637906,585.00006104
39.98000000,2.07637906,585.00006104
40.00000000,2.07637906,585.00006104
40.02000000,2.07637906,578.57147217
40.04000000,2.07637906,578.57147217
40.06000000,2.07637906,572.14288330
40.08000000,2.07637906,572.14288330
40.10000000,2.07637906,572.14288330
40.12000000,2.07637906,572.14288330
40.14000000,2.07637906,578.57147217
40.16000000,2.89896154,572.14288330
40.18000000,2.89896154,578.57147217
40.20000000,2.89896154,597.85717773
40.22000000,2.89896154,610.71435547
40.24000000,2.89896154,617.14288330
40.26000000,2.89896154,623.57147217
40.28000000,2.89896154,623.57147217
40.30000000,2.89896154,630.00006104
40.32000000,2.89896154,630.00006104
40.34000000,2.89896154,636.42858887
40.36000000,2.89896154,630.00006104
40.38000000,2.89896154,636.42858887
40.40000000,2.89896154,636.42858887
40.42000000,2.89896154,630.00006104
40.44000000,2.89896154,636.42858887
40.46000000,2.89896154,636.42858887
40.48000000,2.89896154,636.42858887
40.50000000,2.89896154,636.42858887
40.52000000,2.89896154,636.42858887
40.54000000,2.89896154,636.42858887
40.56000000,2.89896154,642.85717773
40.58000000,2.89896154,630.00006104
40.60000000,2.89896154,636.42858887
40.62000000,2.89896154,636.42858887
40.64000000,2.07637906,642.85717773
40.66000000,2.07637906,630.00006104
40.68000000,2.07637906,617.14288330
40.70000000,2.07637906,610.71435547
40.72000000,2.07637906,597.85717773
40.74000000,2.07637906,597.85717773
40.76000000,2.07637906,585.00006104
40.78000000,2.07637906,585.00006104
40.80000000,2.89896154,578.57147217
40.82000000,2.89896154,591.42864990
40.84000000,2.89896154,604.28576660
40.86000000,2.89896154,610.71435547
40.88000000,2.89896154,623.57147217
40.90000000,2.89896154,623.57147217
40.92000000,2.89896154,630.00006104
40.94000000,2.89896154,630.00006104
40.96000000,2.07637906,636.42858887
40.98000000,2.07637906,623.57147217
41.00000000,2.07637906,610.71435547
41.02000000,2.07637906,604.28576660
41.04000000,2.07637906,597.85717773
41.06000000,2.07637906,591.42864990
41.08000000,2.07637906,585.00006104
41.10000000,2.07637906,585.00006104
41.12000000,2.07637906,578.57147217
41.14000000,2.07637906,578.57147217
41.16000000,2.07637906,578.57147217
41.18000000,2.07637906,578.57147217
41.20000000,2.07637906,572.14288330
41.22000000,2.07637906,578.57147217
41.24000000,2.07637906,572.14288330
41.26000000,2.07637906,578.57147217
41.28000000,2.07637906,572.14288330
41.30000000,2.07637906,572.14288330
41.32000000,2.07637906,578.57147217
41.34000000,2.07637906,572.14288330
41.36000000,2.07637906,572.14288330
41.38000000,2.07637906,578.57147217
41.40000000,2.07637906,572.14288330
41.42000000,2.07637906,572.14288330
41.44000000,2.07637906,578.57147217
41.46000000,2.07637906,572.14288330
41.48000000,2.07637906,572.14288330
41.50000000,2.07637906,578.57147217
41.52000000,2.07637906,565.71429443
41.54000000,2.07637906,578.57147217
41.56000000,2.07637906,565.71429443
41.58000000,2.07637906,572.14288330
41.60000000,2.07637906,572.14288330
41.62000000,2.07637906,572.14288330
41.64000000,2.07637906,572.14288330
41.66000000,2.07637906,572.14288330
41.68000000,2.07637906,578.57147217
41.70000000,2.07637906,572.14288330
41.72000000,2.07637906,572.14288330
41.74000000,2.07637906,572.14288330
41.76000000,2.89896154,572.14288330
41.78000000,2.89896154,585.00006104
41.80000000,2.89896154,597.85717773
41.82000000,2.89896154,610.71435547
41.84000000,2.89896154,610.71435547
41.86000000,2.89896154,623.57147217
41.88000000,2.89896154,630.00006104
41.90000000,2.89896154,623.57147217
41.92000000,2.89896154,636.42858887
41.94000000,2.89896154,630.00006104
41.96000000,2.89896154,636.42858887
41.98000000,2.89896154,636.42858887
42.00000000,2.89896154,636.42858887
42.02000000,2.89896154,630.00006104
42.04000000,2.89896154,636.42858887
42.06000000,2.89896154,630.00006104
42.08000000,2.89896154,636.42858887
42.10000000,2.89896154,642.85717773
42.12000000,2.89896154,636.42858887
42.14000000,2.89896154,636.42858887
42.16000000,2.89896154,642.85717773
42.18000000,2.89896154,636.42858887
42.20000000,2.89896154,636.42858887
42.22000000,2.89896154,642.85717773
42.24000000,2.89896154,636.42858887
42.26000000,2.89896154,642.85717773
42.28000000,2.89896154,636.42858887
42.30000000,2.89896154,642.85717773
42.32000000,2.89896154,636.42858887
42.34000000,2.89896154,642.85717773
42.36000000,2.89896154,636.42858887
42.38000000,2.89896154,642.85717773
42.40000000,2.07637906,642.85717773
42.42000000,2.07637906,630.00006104
42.44000000,2.07637906,617.14288330
42.46000000,2.07637906,610.71435547
42.48000000,2.07637906,597.85717773
42.50000000,2.07637906,591.42864990
42.52000000,2.07637906,585.00006104
42.54000000,2.07637906,585.00006104
42.56000000,2.89896154,578.57147217
42.58000000,2.89896154,585.00006104
42.60000000,2.89896154,597.85717773
42.62000000,2.89896154,610.71435547
42.64000000,2.89896154,617.14288330
42.66000000,2.89896154,617.14288330
42.68000000,2.89896154,630.00006104
42.70000000,2.89896154,630.00006104
42.72000000,2.89896154,630.00006104
42.74000000,2.89896154,636.42858887
42.76000000,2.89896154,630.00006104
42.78000000,2.89896154,636.42858887
42.80000000,2.89896154,636.42858887
42.82000000,2.89896154,636.42858887
42.84000000,2.89896154,642.85717773
42.86000000,2.89896154,636.42858887
42.88000000,2.07637906,636.42858887
42.90000000,2.07637906,630.00006104
42.92000000,2.07637906,623.57147217
42.94000000,2.07637906,604.28576660
42.96000000,2.07637906,597.85717773
42.98000000,2.07637906,597.85717773
43.00000000,2.07637906,585.00006104
43.02000000,2.07637906,585.00006104
43.04000000,2.89896154,578.57147217
43.06000000,2.89896154,585.00006104
43.08000000,2.89896154,597.85717773
43.10000000,2.89896154,610.71435547
43.12000000,2.89896154,617.14288330
43.14000000,2.89896154,623.57147217
43.16000000,2.89896154,623.57147217
43.18000000,2.89896154,630.00006104
43.20000000,2.89896154,636.42858887
43.22000000,2.89896154,630.00006104
43.24000000,2.89896154,636.42858887
43.26000000,2.89896154,636.42858887
43.28000000,2.89896154,636.42858887
43.30000000,2.89896154,636.42858887
43.32000000,2.89896154,642.85717773
43.34000000,2.89896154,636.42858887
43.36000000,2.89896154,636.42858887
43.38000000,2.89896154,642.85717773
43.40000000,2.89896154,636.42858887
43.42000000,2.89896154,636.42858887
43.44000000,2.89896154,636.42858887
43.46000000,2.89896154,636.42858887
43.48000000,2.89896154,642.85717773
43.50000000,2.89896154,636.42858887
43.52000000,2.07637906,636.42858887
43.54000000,2.07637906,630.00006104
43.56000000,2.07637906,617.14288330
43.58000000,2.07637906,604.28576660
43.60000000,2.07637906,597.85717773
43.62000000,2.07637906,597.85717773
43.64000000,2.07637906,585.00006104
43.66000000,2.07637906,585.00006104
43.68000000,2.07637906,578.57147217
43.70000000,2.07637906,578.57147217
43.72000000,2.07637906,578.57147217
43.74000000,2.07637906,578.57147217
43.76000000,2.07637906,572.14288330
43.78000000,2.07637906,578.57147217
43.80000000,2.07637906,572.14288330
43.82000000,2.07637906,572.14288330
43.84000000,2.07637906,578.57147217
43.86000000,2.07637906,572.14288330
43.88000000,2.07637906,572.14288330
43.90000000,2.07637906,572.14288330
43.92000000,2.07637906,572.14288330
43.94000000,2.07637906,578.57147217
43.96000000,2.07637906,572.14288330
43.98000000,2.07637906,572.14288330
44.00000000,2.07637906,572.14288330
44.02000000,2.07637906,572.14288330
44.04000000,2.07637906,572.14288330
44.06000000,2.07637906,572.14288330
44.08000000,2.07637906,572.14288330
44.10000000,2.07637906,572.14288330
44.12000000,2.07637906,572.14288330
44.14000000,2.07637906,572.14288330
44.16000000,2.89896154,572.14288330
44.18000000,2.89896154,585.00006104
44.20000000,2.89896154,597.85717773
44.22000000,2.89896154,610.71435547
44.24000000,2.89896154,610.71435547
44.26000000,2.89896154,623.57147217
44.28000000,2.89896154,623.57147217
44.30000000,2.89896154,630.00006104
44.32000000,2.89896154,630.00006104
44.34000000,2.89896154,636.42858887
44.36000000,2.89896154,636.42858887
44.38000000,2.89896154,630.00006104
44.40000000,2.89896154,636.42858887
44.42000000,2.89896154,642.85717773
44.44000000,2.89896154,636.42858887
44.46000000,2.89896154,636.42858887
44.48000000,2.07637906,636.42858887
44.50000000,2.07637906,630.00006104
44.52000000,2.07637906,617.14288330
44.54000000,2.07637906,604.28576660
44.56000000,2.07637906,597.85717773
44.58000000,2.07637906,591.42864990
44.60000000,2.07637906,585.00006104
44.62000000,2.07637906,585.00006104
44.64000000,2.07637906,578.57147217
44.66000000,2.07637906,578.57147217
44.68000000,2.07637906,578.57147217
44.70000000,2.07637906,578.57147217
44.72000000,2.07637906,572.14288330
44.74000000,2.07637906,572.14288330
44.76000000,2.07637906,572.14288330
44.78000000,2.07637906,578.57147217
44.80000000,2.07637906,572.14288330
44.82000000,2.07637906,572.14288330
44.84000000,2.07637906,578.57147217
44.86000000,2.07637906,572.14288330
44.88000000,2.07637906,572.14288330
44.90000000,2.07637906,572.14288330
44.92000000,2.07637906,572.14288330
44.94000000,2.07637906,578.57147217
44.96000000,2.89896154,572.14288330
44.98000000,2.89896154,578.57147217
45.00000000,2.89896154,597.85717773
45.02000000,2.89896154,604.28576660
45.04000000,2.89896154,617.14288330
45.06000000,2.89896154,623.57147217
45.08000000,2.89896154,623.57147217
45.10000000,2.89896154,630.00006104
45.12000000,2.07637906,630.00006104
45.14000000,2.07637906,630.00006104
45.16000000,2.07637906,610.71435547
45.18000000,2.07637906,604.28576660
45.20000000,2.07637906,597.85717773
45.22000000,2.07637906,591.42864990
45.24000000,2.07637906,591.42864990
45.26000000,2.07637906,578.57147217
45.28000000,2.07637906,585.00006104
45.30000000,2.07637906,578.57147217
45.32000000,2.07637906,572.14288330
45.34000000,2.07637906,572.14288330
45.36000000,2.07637906,578.57147217
45.38000000,2.07637906,572.14288330
45.40000000,2.07637906,578.57147217
45.42000000,2.07637906,572.14288330
45.44000000,2.89896154,578.57147217
45.46000000,2.89896154,578.57147217
45.48000000,2.89896154,604.28576660
45.50000000,2.89896154,604.28576660
45.52000000,2.89896154,617.14288330
45.54000000,2.89896154,623.57147217
45.56000000,2.89896154,623.57147217
45.58000000,2.89896154,630.00006104
45.60000000,2.07637906,630.00006104
45.62000000,2.07637906,630.00006104
45.64000000,2.07637906,610.71435547
45.66000000,2.07637906,610.71435547
45.68000000,2.07637906,591.42864990
45.70000000,2.07637906,591.42864990
45.72000000,2.07637906,585.00006104
45.74000000,2.07637906,585.00006104
45.76000000,2.89896154,585.00006104
45.78000000,2.89896154,585.00006104
45.80000000,2.89896154,604.28576660
45.82000000,2.89896154,610.71435547
45.84000000,2.89896154,623.57147217
45.86000000,2.89896154,623.57147217
45.88000000,2.89896154,630.00006104
45.90000000,2.89896154,630.00006104
45.92000000,2.07637906,636.42858887
45.94000000,2.07637906,623.57147217
45.96000000,2.07637906,610.71435547
45.98000000,2.07637906,610.71435547
46.00000000,2.07637906,597.85717773
46.02000000,2.07637906,591.42864990
46.04000000,2.07637906,585.00006104
46.06000000,2.07637906,585.00006104
46.08000000,2.07637906,578.57147217
46.10000000,2.07637906,585.00006104
46.12000000,2.07637906,578.57147217
46.14000000,2.07637906,572.14288330
46.16000000,2.07637906,578.57147217
46.18000000,2.07637906,578.57147217
46.20000000,2.07637906,572.14288330
46.22000000,2.07637906,572.14288330
46.24000000,2.89896154,572.14288330
46.26000000,2.89896154,585.00006104
46.28000000,2.89896154,597.85717773
46.30000000,2.89896154,610.71435547
46.32000000,2.89896154,617.14288330
46.34000000,2.89896154,623.57147217
46.36000000,2.89896154,630.00006104
46.38000000,2.89896154,630.00006104
46.40000000,2.07637906,636.42858887
46.42000000,2.07637906,623.57147217
46.44000000,2.07637906,610.71435547
46.46000000,2.07637906,604.28576660
46.48000000,2.07637906,591.42864990
46.50000000,2.07637906,597.85717773
46.52000000,2.07637906,585.00006104
46.54000000,2.07637906,585.00006104
46.56000000,2.89896154,578.57147217
46.58000000,2.89896154,585.00006104
46.60000000,2.89896154,604.28576660
46.62000000,2.89896154,610.71435547
46.64000000,2.89896154,617.14288330
46.66000000,2.89896154,623.57147217
46.68000000,2.89896154,630.00006104
46.70000000,2.89896154,630.00006104
46.72000000,2.89896154,630.00006104
46.74000000,2.89896154,636.42858887
46.76000000,2.89896154,636.42858887
46.78000000,2.89896154,636.42858887
46.80000000,2.89896154,636.42858887
46.82000000,2.89896154,642.85717773
46.84000000,2.89896154,636.42858887
46.86000000,2.89896154,636.42858887
46.88000000,2.07637906,642.85717773
46.90000000,2.07637906,630.00006104
46.92000000,2.07637906,623.57147217
46.94000000,2.07637906,604.28576660
46.96000000,2.07637906,604.28576660
46.98000000,2.07637906,591.42864990
47.00000000,2.07637906,591.42864990
47.02000000,2.07637906,585.00006104
47.04000000,2.07637906,578.57147217
47.06000000,2.07637906,578.57147217
47.08000000,2.07637906,578.57147217
47.10000000,2.07637906,578.57147217
47.12000000,2.07637906,572.14288330
47.14000000,2.07637906,578.57147217
47.16000000,2.07637906,572.14288330
47.18000000,2.07637906,578.57147217
47.20000000,2.89896154,572.14288330
47.22000000,2.89896154,585.00006104
47.24000000,2.89896154,597.85717773
47.26000000,2.89896154,610.71435547
47.28000000,2.89896154,617.14288330
47.30000000,2.89896154,623.57147217
47.32000000,2.89896154,630.00006104
47.34000000,2.89896154,630.00006104
47.36000000,2.89896154,636.42858887
47.38000000,2.89896154,630.00006104
47.40000000,2.89896154,636.42858887
47.42000000,2.89896154,636.42858887
47.44000000,2.89896154,636.42858887
47.46000000,2.89896154,636.42858887
47.48000000,2.89896154,636.42858887
47.50000000,2.89896154,642.85717773
47.52000000,2.07637906,636.42858887
47.54000000,2.07637906,630.00006104
47.56000000,2.07637906,617.14288330
47.58000000,2.07637906,610.71435547
47.60000000,2.07637906,597.85717773
47.62000000,2.07637906,591.42864990
47.64000000,2.07637906,591.42864990
47.66000000,2.07637906,585.00006104
47.68000000,2.89896154,578.57147217
47.70000000,2.89896154,585.00006104
47.72000000,2.89896154,604.28576660
47.74000000,2.89896154,617.14288330
47.76000000,2.89896154,617.14288330
47.78000000,2.89896154,623.57147217
47.80000000,2.89896154,623.57147217
47.82000000,2.89896154,636.42858887
47.84000000,2.07637906,630.00006104
47.86000000,2.07637906,623.57147217
47.88000000,2.07637906,617.14288330
47.90000000,2.07637906,604.28576660
47.92000000,2.07637906,604.28576660
47.94000000,2.07637906,591.42864990
47.96000000,2.07637906,591.42864990
47.98000000,2.07637906,578.57147217
48.00000000,2.07637906,578.57147217
48.02000000,2.07637906,578.57147217
48.04000000,2.07637906,578.57147217
48.06000000,2.07637906,578.57147217
48.08000000,2.07637906,572.14288330
48.10000000,2.07637906,578.57147217
48.12000000,2.07637906,572.14288330
48.14000000,2.07637906,578.57147217
48.16000000,2.07637906,572.14288330
48.18000000,2.07637906,578.57147217
48.20000000,2.07637906,572.14288330
48.22000000,2.07637906,572.14288330
48.24000000,2.07637906,578.57147217
48.26000000,2.07637906,572.14288330
48.28000000,2.07637906,578.57147217
48.30000000,2.07637906,572.14288330
48.32000000,2.89896154,578.57147217
48.34000000,2.89896154,585.00006104
48.36000000,2.89896154,597.85717773
48.38000000,2.89896154,610.71435547
48.40000000,2.89896154,617.14288330
48.42000000,2.89896154,623.57147217
48.44000000,2.89896154,623.57147217
48.46000000,2.89896154,623.57147217
48.48000000,2.07637906,630.00006104
48.50000000,2.07637906,630.00006104
48.52000000,2.07637906,610.71435547
48.54000000,2.07637906,604.28576660
48.56000000,2.07637906,597.85717773
48.58000000,2.07637906,591.42864990
48.60000000,2.07637906,585.00006104
48.62000000,2.07637906,585.00006104
48.64000000,2.07637906,578.57147217
48.66000000,2.07637906,578.57147217
48.68000000,2.07637906,578.57147217
48.70000000,2.07637906,578.57147217
48.72000000,2.07637906,578.57147217
48.74000000,2.07637906,578.57147217
48.76000000,2.07637906,572.14288330
48.78000000,2.07637906,578.57147217
48.80000000,2.07637906,572.14288330
48.82000000,2.07637906,578.57147217
48.84000000,2.07637906,572.14288330
48.86000000,2.07637906,578.57147217
48.88000000,2.07637906,572.14288330
48.90000000,2.07637906,578.57147217
48.92000000,2.07637906,572.14288330
48.94000000,2.07637906,572.14288330
48.96000000,2.89896154,578.57147217
48.98000000,2.89896154,585.00006104
49.00000000,2.89896154,597.85717773
49.02000000,2.89896154,610.71435547
49.04000000,2.89896154,610.71435547
49.06000000,2.89896154,617.14288330
49.08000000,2.89896154,623.57147217
49.10000000,2.89896154,623.57147217
49.12000000,2.07637906,630.00006104
49.14000000,2.07637906,623.57147217
49.16000000,2.07637906,617.14288330
49.18000000,2.07637906,604.28576660
49.20000000,2.07637906,597.85717773
49.22000000,2.07637906,591.42864990
49.24000000,2.07637906,585.00006104
49.26000000,2.07637906,585.00006104
49.28000000,2.89896154,585.00006104
49.30000000,2.89896154,585.00006104
49.32000000,2.89896154,597.85717773
49.34000000,2.89896154,617.14288330
49.36000000,2.89896154,617.14288330
49.38000000,2.89896154,630.00006104
49.40000000,2.89896154,623.57147217
49.42000000,2.89896154,636.42858887
49.44000000,2.89896154,636.42858887
49.46000000,2.89896154,636.42858887
49.48000000,2.89896154,636.42858887
49.50000000,2.89896154,636.42858887
49.52000000,2.89896154,636.42858887
49.54000000,2.89896154,636.42858887
49.56000000,2.89896154,636.42858887
49.58000000,2.89896154,642.85717773
49.60000000,2.07637906,636.42858887
49.62000000,2.07637906,630.00006104
49.64000000,2.07637906,617.14288330
49.66000000,2.07637906,604.28576660
49.68000000,2.07637906,604.28576660
49.70000000,2.07637906,591.42864990
49.72000000,2.07637906,591.42864990
49.74000000,2.07637906,585.00006104
49.76000000,2.89896154,585.00006104
49.78000000,2.89896154,585.00006104
49.80000000,2.89896154,604.28576660
49.82000000,2.89896154,610.71435547
49.84000000,2.89896154,617.14288330
49.86000000,2.89896154,623.57147217
49.88000000,2.89896154,630.00006104
49.90000000,2.89896154,636.42858887
49.92000000,2.07637906,630.00006104
49.94000000,2.07637906,630.00006104
49.96000000,2.07637906,617.14288330
49.98000000,2.07637906,604.28576660
50.00000000,2.07637906,604.28576660
50.02000000,2.07637906,591.42864990
50.04000000,2.07637906,585.00006104
50.06000000,2.07637906,585.00006104
50.08000000,2.07637906,585.00006104
50.10000000,2.07637906,578.57147217
50.12000000,2.07637906,578.57147217
50.14000000,2.07637906,578.57147217
50.16000000,2.07637906,578.57147217
50.18000000,2.07637906,578.57147217
50.20000000,2.07637906,578.57147217
50.22000000,2.07637906,572.14288330
50.24000000,2.89896154,578.57147217
50.26000000,2.89896154,585.00006104
50.28000000,2.89896154,604.28576660
50.30000000,2.89896154,610.71435547
50.32000000,2.89896154,617.14288330
50.34000000,2.89896154,623.57147217
50.36000000,2.89896154,630.00006104
50.38000000,2.89896154,630.00006104
50.40000000,2.07637906,636.42858887
50.42000000,2.07637906,623.57147217
50.44000000,2.07637906,617.14288330
50.46000000,2.07637906,610.71435547
50.48000000,2.07637906,597.85717773
50.50000000,2.07637906,591.42864990
50.52000000,2.07637906,591.42864990
50.54000000,2.07637906,585.00006104
50.56000000,2.89896154,578.57147217
50.58000000,2.89896154,591.42864990
50.60000000,2.89896154,604.28576660
50.62000000,2.89896154,617.14288330
50.64000000,2.89896154,617.14288330
50.66000000,2.89896154,630.00006104
50.68000000,2.89896154,630.00006104
50.70000000,2.89896154,630.00006104
50.72000000,2.89896154,636.42858887
50.74000000,2.89896154,636.42858887
50.76000000,2.89896154,636.42858887
50.78000000,2.89896154,642.85717773
50.80000000,2.89896154,636.42858887
50.82000000,2.89896154,636.42858887
50.84000000,2.89896154,642.85717773
50.86000000,2.89896154,636.42858887
50.88000000,2.89896154,642.85717773
50.90000000,2.89896154,642.85717773
50.92000000,2.89896154,636.42858887
50.94000000,2.89896154,642.85717773
50.96000000,2.89896154,636.42858887
50.98000000,2.89896154,642.85717773
51.00000000,2.89896154,642.85717773
51.02000000,2.89896154,636.42858887
51.04000000,2.07637906,636.42858887
51.06000000,2.07637906,630.00006104
51.08000000,2.07637906,617.14288330
51.10000000,2.07637906,610.71435547
51.12000000,2.07637906,597.85717773
51.14000000,2.07637906,591.42864990
51.16000000,2.07637906,591.42864990
51.18000000,2.07637906,585.00006104
51.20000000,2.89896154,578.57147217
51.22000000,2.89896154,591.42864990
51.24000000,2.89896154,604.28576660
51.26000000,2.89896154,610.71435547
51.28000000,2.89896154,617.14288330
51.30000000,2.89896154,623.57147217
51.32000000,2.89896154,630.00006104
51.34000000,2.89896154,630.00006104
51.36000000,2.07637906,630.00006104
51.38000000,2.07637906,630.00006104
51.40000000,2.07637906,617.14288330
51.42000000,2.07637906,604.28576660
51.44000000,2.07637906,597.85717773
51.46000000,2.07637906,597.85717773
51.48000000,2.07637906,585.00006104
51.50000000,2.07637906,591.42864990
51.52000000,2.07637906,578.57147217
51.54000000,2.07637906,578.57147217
51.56000000,2.07637906,578.57147217
51.58000000,2.07637906,578.57147217
51.60000000,2.07637906,572.14288330
51.62000000,2.07637906,572.14288330
51.64000000,2.07637906,572.14288330
51.66000000,2.07637906,578.57147217
51.68000000,2.89896154,572.14288330
51.70000000,2.89896154,585.00006104
51.72000000,2.89896154,597.85717773
51.74000000,2.89896154,610.71435547
51.76000000,2.89896154,617.14288330
51.78000000,2.89896154,623.57147217
51.80000000,2.89896154,630.00006104
51.82000000,2.89896154,630.00006104
51.84000000,2.89896154,630.00006104
51.86000000,2.89896154,630.00006104
51.88000000,2.89896154,636.42858887
51.90000000,2.89896154,636.42858887
51.92000000,2.89896154,642.85717773
51.94000000,2.89896154,636.42858887
51.96000000,2.89896154,636.42858887
51.98000000,2.89896154,642.85717773
52.00000000,2.07637906,636.42858887
52.02000000,2.07637906,630.00006104
52.04000000,2.07637906,617.14288330
52.06000000,2.07637906,604.28576660
52.08000000,2.07637906,597.85717773
52.10000000,2.07637906,591.42864990
52.12000000,2.07637906,585.00006104
52.14000000,2.07637906,585.00006104
52.16000000,2.07637906,578.57147217
52.18000000,2.07637906,585.00006104
52.20000000,2.07637906,578.57147217
52.22000000,2.07637906,572.14288330
52.24000000,2.07637906,572.14288330
52.26000000,2.07637906,578.57147217
52.28000000,2.07637906,572.14288330
52.30000000,2.07637906,578.57147217
52.32000000,2.07637906,572.14288330
52.34000000,2.07637906,578.57147217
52.36000000,2.07637906,572.14288330
52.38000000,2.07637906,572.14288330
52.40000000,2.07637906,572.14288330
52.42000000,2.07637906,578.57147217
52.44000000,2.07637906,572.14288330
52.46000000,2.07637906,572.14288330
52.48000000,2.89896154,572.14288330
52.50000000,2.89896154,585.00006104
52.52000000,2.89896154,597.85717773
52.54000000,2.89896154,610.71435547
52.56000000,2.89896154,617.14288330
52.58000000,2.89896154,623.57147217
52.60000000,2.89896154,630.00006104
52.62000000,2.89896154,630.00006104
52.64000000,2.07637906,630.00006104
52.66000000,2.07637906,630.00006104
52.68000000,2.07637906,610.71435547
52.70000000,2.07637906,604.28576660
52.72000000,2.07637906,591.42864990
52.74000000,2.07637906,591.42864990
52.76000000,2.07637906,585.00006104
52.78000000,2.07637906,585.00006104
52.80000000,2.89896154,585.00006104
52.82000000,2.89896154,591.42864990
52.84000000,2.89896154,604.28576660
52.86000000,2.89896154,610.71435547
52.88000000,2.89896154,623.57147217
52.90000000,2.89896154,623.57147217
52.92000000,2.89896154,630.00006104
52.94000000,2.89896154,630.00006104
52.96000000,2.89896154,636.42858887
52.98000000,2.89896154,636.42858887
53.00000000,2.89896154,636.42858887
53.02000000,2.89896154,636.42858887
53.04000000,2.89896154,636.42858887
53.06000000,2.89896154,636.42858887
53.08000000,2.89896154,642.85717773
53.10000000,2.89896154,636.42858887
53.12000000,2.07637906,642.85717773
53.14000000,2.07637906,630.00006104
53.16000000,2.07637906,617.14288330
53.18000000,2.07637906,610.71435547
53.20000000,2.07637906,597.85717773
53.22000000,2.07637906,597.85717773
53.24000000,2.07637906,591.42864990
53.26000000,2.07637906,585.00006104
53.28000000,2.07637906,585.00006104
53.30000000,2.07637906,578.57147217
53.32000000,2.07637906,578.57147217
53.34000000,2.07637906,578.57147217
53.36000000,2.07637906,578.57147217
53.38000000,2.07637906,578.57147217
53.40000000,2.07637906,578.57147217
53.42000000,2.07637906,572.14288330
53.44000000,2.07637906,578.57147217
53.46000000,2.07637906,578.57147217
53.48000000,2.07637906,572.14288330
53.50000000,2.07637906,578.57147217
53.52000000,2.07637906,572.14288330
53.54000000,2.07637906,572.14288330
53.56000000,2.07637906,572.14288330
53.58000000,2.07637906,572.14288330
53.60000000,2.07637906,572.14288330
53.62000000,2.07637906,578.57147217
53.64000000,2.07637906,572.14288330
53.66000000,2.07637906,578.57147217
53.68000000,2.07637906,572.14288330
53.70000000,2.07637906,572.14288330
53.72000000,2.07637906,572.14288330
53.74000000,2.07637906,578.57147217
53.76000000,2.07637906,572.14288330
53.78000000,2.07637906,578.57147217
53.80000000,2.07637906,572.14288330
53.82000000,2.07637906,578.57147217
53.84000000,2.07637906,572.14288330
53.86000000,2.07637906,572.14288330
53.88000000,2.07637906,578.57147217
53.90000000,2.07637906,572.14288330
53.92000000,2.07637906,572.14288330
53.94000000,2.07637906,572.14288330
53.96000000,2.07637906,572.14288330
53.98000000,2.07637906,578.57147217
54.00000000,2.07637906,572.14288330
54.02000000,2.07637906,572.14288330
54.04000000,2.07637906,572.14288330
54.06000000,2.07637906,572.14288330
54.08000000,2.89896154,572.14288330
54.10000000,2.89896154,585.00006104
54.12000000,2.89896154,597.85717773
54.14000000,2.89896154,604.28576660
54.16000000,2.89896154,617.14288330
54.18000000,2.89896154,623.57147217
54.20000000,2.89896154,623.57147217
54.22000000,2.89896154,630.00006104
54.24000000,2.07637906,630.00006104
54.26000000,2.07637906,630.00006104
54.28000000,2.07637906,610.71435547
54.30000000,2.07637906,604.28576660
54.32000000,2.07637906,597.85717773
54.34000000,2.07637906,591.42864990
54.36000000,2.07637906,585.00006104
54.38000000,2.07637906,578.57147217
54.40000000,2.89896154,585.00006104
54.42000000,2.89896154,585.00006104
54.44000000,2.89896154,597.85717773
54.46000000,2.89896154,617.14288330
54.48000000,2.89896154,623.57147217
54.50000000,2.89896154,623.57147217
54.52000000,2.89896154,623.57147217
54.54000000,2.89896154,636.42858887
54.56000000,2.07637906,630.00006104
54.58000000,2.07637906,623.57147217
54.60000000,2.07637906,610.71435547
54.62000000,2.07637906,604.28576660
54.64000000,2.07637906,597.85717773
54.66000000,2.07637906,597.85717773
54.68000000,2.07637906,585.00006104
54.70000000,2.07637906,585.00006104
54.72000000,2.07637906,585.00006104
54.74000000,2.07637906,578.57147217
54.76000000,2.07637906,578.57147217
54.78000000,2.07637906,578.57147217
54.80000000,2.07637906,572.14288330
54.82000000,2.07637906,572.14288330
54.84000000,2.07637906,578.57147217
54.86000000,2.07637906,572.14288330
54.88000000,2.89896154,578.57147217
54.90000000,2.89896154,585.00006104
54.92000000,2.89896154,597.85717773
54.94000000,2.89896154,610.71435547
54.96000000,2.89896154,617.14288330
54.98000000,2.89896154,623.57147217
55.00000000,2.89896154,630.00006104
55.02000000,2.89896154,630.00006104
55.04000000,2.07637906,630.00006104
55.06000000,2.07637906,623.57147217
55.08000000,2.07637906,610.71435547
55.10000000,2.07637906,610.71435547
55.12000000,2.07637906,597.85717773
55.14000000,2.07637906,591.42864990
55.16000000,2.07637906,585.00006104
55.18000000,2.07637906,578.57147217
55.20000000,2.07637906,578.57147217
55.22000000,2.07637906,585.00006104
55.24000000,2.07637906,578.57147217
55.26000000,2.07637906,578.57147217
55.28000000,2.07637906,572.14288330
55.30000000,2.07637906,578.57147217
55.32000000,2.07637906,578.57147217
55.34000000,2.07637906,572.14288330
55.36000000,2.89896154,578.57147217
55.38000000,2.89896154,585.00006104
55.40000000,2.89896154,604.28576660
55.42000000,2.89896154,610.71435547
55.44000000,2.89896154,617.14288330
55.46000000,2.89896154,623.57147217
55.48000000,2.89896154,630.00006104
55.50000000,2.89896154,636.42858887
55.52000000,2.07637906,630.00006104
55.54000000,2.07637906,630.00006104
55.56000000,2.07637906,610.71435547
55.58000000,2.07637906,604.28576660
55.60000000,2.07637906,604.28576660
55.62000000,2.07637906,591.42864990
55.64000000,2.07637906,585.00006104
55.66000000,2.07637906,585.00006104
55.68000000,2.89896154,578.57147217
55.70000000,2.89896154,591.42864990
55.72000000,2.89896154,604.28576660
55.74000000,2.89896154,617.14288330
55.76000000,2.89896154,617.14288330
55.78000000,2.89896154,630.00006104
55.80000000,2.89896154,630.00006104
55.82000000,2.89896154,630.00006104
55.84000000,2.89896154,636.42858887
55.86000000,2.89896154,636.42858887
55.88000000,2.89896154,636.42858887
55.90000000,2.89896154,636.42858887
55.92000000,2.89896154,642.85717773
55.94000000,2.89896154,636.42858887
55.96000000,2.89896154,642.85717773
55.98000000,2.89896154,636.42858887
56.00000000,2.89896154,642.85717773
56.02000000,2.89896154,636.42858887
56.04000000,2.89896154,642.85717773
56.06000000,2.89896154,636.42858887
56.08000000,2.89896154,636.42858887
56.10000000,2.89896154,636.42858887
56.12000000,2.89896154,642.85717773
56.14000000,2.89896154,636.42858887
56.16000000,2.89896154,636.42858887
56.18000000,2.89896154,642.85717773
56.20000000,2.89896154,636.42858887
56.22000000,2.89896154,636.42858887
56.24000000,2.89896154,642.85717773
56.26000000,2.89896154,636.42858887
56.28000000,2.89896154,636.42858887
56.30000000,2.89896154,642.85717773
56.32000000,2.89896154,636.42858887
56.34000000,2.89896154,636.42858887
56.36000000,2.89896154,636.42858887
56.38000000,2.89896154,636.42858887
56.40000000,2.89896154,642.85717773
56.42000000,2.89896154,636.42858887
56.44000000,2.89896154,642.85717773
56.46000000,2.89896154,642.85717773
56.48000000,2.07637906,636.42858887
56.50000000,2.07637906,636.42858887
56.52000000,2.07637906,617.14288330
56.54000000,2.07637906,604.28576660
56.56000000,2.07637906,597.85717773
56.58000000,2.07637906,591.42864990
56.60000000,2.07637906,585.00006104
56.62000000,2.07637906,578.57147217
56.64000000,2.89896154,585.00006104
56.66000000,2.89896154,585.00006104
56.68000000,2.89896154,597.85717773
56.70000000,2.89896154,610.71435547
56.72000000,2.89896154,617.14288330
56.74000000,2.89896154,617.14288330
56.76000000,2.89896154,630.00006104
56.78000000,2.89896154,630.00006104
56.80000000,2.89896154,630.00006104
56.82000000,2.89896154,636.42858887
56.84000000,2.89896154,636.42858887
56.86000000,2.89896154,630.00006104
56.88000000,2.89896154,636.42858887
56.90000000,2.89896154,636.42858887
56.92000000,2.89896154,642.85717773
56.94000000,2.89896154,636.42858887
56.96000000,2.89896154,636.42858887
56.98000000,2.89896154,642.85717773
57.00000000,2.89896154,636.42858887
57.02000000,2.89896154,636.42858887
57.04000000,2.89896154,642.85717773
57.06000000,2.89896154,636.42858887
57.08000000,2.89896154,636.42858887
57.10000000,2.89896154,642.85717773
57.12000000,2.89896154,636.42858887
57.14000000,2.89896154,642.85717773
57.16000000,2.89896154,642.85717773
57.18000000,2.89896154,636.42858887
57.20000000,2.89896154,642.85717773
57.22000000,2.89896154,642.85717773
57.24000000,2.89896154,642.85717773
57.26000000,2.89896154,636.42858887
57.28000000,2.07637906,642.85717773
57.30000000,2.07637906,630.00006104
57.32000000,2.07637906,623.57147217
57.34000000,2.07637906,604.28576660
57.36000000,2.07637906,604.28576660
57.38000000,2.07637906,591.42864990
57.40000000,2.07637906,585.00006104
57.42000000,2.07637906,585.00006104
57.44000000,2.07637906,578.57147217
57.46000000,2.07637906,578.57147217
57.48000000,2.07637906,572.14288330
57.50000000,2.07637906,578.57147217
57.52000000,2.07637906,572.14288330
57.54000000,2.07637906,572.14288330
57.56000000,2.07637906,572.14288330
57.58000000,2.07637906,572.14288330
57.60000000,2.07637906,572.14288330
57.62000000,2.07637906,572.14288330
57.64000000,2.07637906,572.14288330
57.66000000,2.07637906,572.14288330
57.68000000,2.07637906,572.14288330
57.70000000,2.07637906,572.14288330
57.72000000,2.07637906,572.14288330
57.74000000,2.07637906,572.14288330
57.76000000,2.89896154,572.14288330
57.78000000,2.89896154,585.00006104
57.80000000,2.89896154,591.42864990
57.82000000,2.89896154,610.71435547
57.84000000,2.89896154,610.71435547
57.86000000,2.89896154,617.14288330
57.88000000,2.89896154,623.57147217
57.90000000,2.89896154,630.00006104
57.92000000,2.89896154,630.00006104
57.94000000,2.89896154,630.00006104
57.96000000,2.89896154,636.42858887
57.98000000,2.89896154,636.42858887
58.00000000,2.89896154,636.42858887
58.02000000,2.89896154,630.00006104
58.04000000,2.89896154,636.42858887
58.06000000,2.89896154,636.42858887
58.08000000,2.07637906,636.42858887
58.10000000,2.07637906,630.00006104
58.12000000,2.07637906,617.14288330
58.14000000,2.07637906,604.28576660
58.16000000,2.07637906,604.28576660
58.18000000,2.07637906,591.42864990
58.20000000,2.07637906,585.00006104
58.22000000,2.07637906,585.00006104
58.24000000,2.07637906,578.57147217
58.26000000,2.07637906,578.57147217
58.28000000,2.07637906,578.57147217
58.30000000,2.07637906,578.57147217
58.32000000,2.07637906,572.14288330
58.34000000,2.07637906,572.14288330
58.36000000,2.07637906,578.57147217
58.38000000,2.07637906,572.14288330
58.40000000,2.07637906,572.14288330
58.42000000,2.07637906,578.57147217
58.44000000,2.07637906,572.14288330
58.46000000,2.07637906,572.14288330
58.48000000,2.07637906,572.14288330
58.50000000,2.07637906,572.14288330
58.52000000,2.07637906,572.14288330
58.54000000,2.07637906,572.14288330
58.56000000,2.89896154,572.14288330
58.58000000,2.89896154,585.00006104
58.60000000,2.89896154,591.42864990
58.62000000,2.89896154,610.71435547
58.64000000,2.89896154,610.71435547
58.66000000,2.89896154,623.57147217
58.68000000,2.89896154,623.57147217
58.70000000,2.89896154,630.00006104
58.72000000,2.89896154,630.00006104
58.74000000,2.89896154,630.00006104
58.76000000,2.89896154,630.00006104
58.78000000,2.89896154,636.42858887
58.80000000,2.89896154,636.42858887
58.82000000,2.89896154,636.42858887
58.84000000,2.89896154,636.42858887
58.86000000,2.89896154,636.42858887
58.88000000,2.07637906,636.42858887
58.90000000,2.07637906,630.00006104
58.92000000,2.07637906,617.14288330
58.94000000,2.07637906,604.28576660
58.96000000,2.07637906,597.85717773
58.98000000,2.07637906,597.85717773
59.00000000,2.07637906,585.00006104
59.02000000,2.07637906,585.00006104
59.04000000,2.89896154,578.57147217
59.06000000,2.89896154,585.00006104
59.08000000,2.89896154,597.85717773
59.10000000,2.89896154,610.71435547
59.12000000,2.89896154,617.14288330
59.14000000,2.89896154,623.57147217
59.16000000,2.89896154,623.57147217
59.18000000,2.89896154,630.00006104
59.20000000,2.89896154,636.42858887
59.22000000,2.89896154,636.42858887
59.24000000,2.89896154,636.42858887
59.26000000,2.89896154,636.42858887
59.28000000,2.89896154,636.42858887
59.30000000,2.89896154,636.42858887
59.32000000,2.89896154,642.85717773
59.34000000,2.89896154,636.42858887
59.36000000,2.89896154,636.42858887
59.38000000,2.89896154,636.42858887
59.40000000,2.89896154,642.85717773
59.42000000,2.89896154,636.42858887
59.44000000,2.89896154,642.85717773
59.46000000,2.89896154,636.42858887
59.48000000,2.89896154,642.85717773
59.50000000,2.89896154,642.85717773
59.52000000,2.07637906,636.42858887
59.54000000,2.07637906,630.00006104
59.56000000,2.07637906,617.14288330
59.58000000,2.07637906,610.71435547
59.60000000,2.07637906,597.85717773
59.62000000,2.07637906,591.42864990
59.64000000,2.07637906,585.00006104
59.66000000,2.07637906,585.00006104
59.68000000,2.89896154,578.57147217
59.70000000,2.89896154,591.42864990
59.72000000,2.89896154,604.28576660
59.74000000,2.89896154,610.71435547
59.76000000,2.89896154,623.57147217
59.78000000,2.89896154,623.57147217
59.80000000,2.89896154,630.00006104
59.82000000,2.89896154,630.00006104
59.84000000,2.89896154,636.42858887
59.86000000,2.89896154,630.00006104
59.88000000,2.89896154,636.42858887
59.90000000,2.89896154,636.42858887
59.92000000,2.89896154,642.85717773
59.94000000,2.89896154,636.42858887
59.96000000,2.89896154,636.42858887
59.98000000,2.89896154,642.85717773
60.00000000,2.07637906,642.85717773
60.02000000,2.07637906,630.00006104
60.04000000,2.07637906,617.14288330
60.06000000,2.07637906,604.28576660
60.08000000,2.07637906,604.28576660
60.10000000,2.07637906,591.42864990
60.12000000,2.07637906,591.42864990
60.14000000,2.07637906,585.00006104
60.16000000,2.07637906,578.57147217
60.18000000,2.07637906,585.00006104
60.20000000,2.07637906,578.57147217
60.22000000,2.07637906,578.57147217
60.24000000,2.07637906,572.14288330
60.26000000,2.07637906,578.57147217
60.28000000,2.07637906,578.57147217
60.30000000,2.07637906,572.14288330
60.32000000,2.07637906,578.57147217
60.34000000,2.07637906,572.14288330
60.36000000,2.07637906,572.14288330
60.38000000,2.07637906,578.57147217
60.40000000,2.07637906,572.14288330
60.42000000,2.07637906,578.57147217
60.44000000,2.07637906,572.14288330
60.46000000,2.07637906,572.14288330
60.48000000,2.07637906,578.57147217
60.50000000,2.07637906,572.14288330
60.52000000,2.07637906,572.14288330
60.54000000,2.07637906,578.57147217
60.56000000,2.07637906,572.14288330
60.58000000,2.07637906,572.14288330
60.60000000,2.07637906,572.14288330
60.62000000,2.07637906,578.57147217
60.64000000,2.89896154,572.14288330
60.66000000,2.89896154,585.00006104
60.68000000,2.89896154,597.85717773
60.70000000,2.89896154,610.71435547
60.72000000,2.89896154,617.14288330
60.74000000,2.89896154,617.14288330
60.76000000,2.89896154,630.00006104
60.78000000,2.89896154,630.00006104
60.80000000,2.89896154,630.00006104
60.82000000,2.89896154,636.42858887
60.84000000,2.89896154,636.42858887
60.86000000,2.89896154,630.00006104
60.88000000,2.89896154,636.42858887
60.90000000,2.89896154,636.42858887
60.92000000,2.89896154,636.42858887
60.94000000,2.89896154,636.42858887
60.96000000,2.89896154,636.42858887
60.98000000,2.89896154,636.42858887
61.00000000,2.89896154,642.85717773
61.02000000,2.89896154,636.42858887
61.04000000,2.89896154,636.42858887
61.06000000,2.89896154,642.85717773
61.08000000,2.89896154,636.42858887
61.10000000,2.89896154,642.85717773
61.12000000,2.89896154,636.42858887
61.14000000,2.89896154,642.85717773
61.16000000,2.89896154,642.85717773
61.18000000,2.89896154,636.42858887
61.20000000,2.89896154,642.85717773
61.22000000,2.89896154,642.85717773
61.24000000,2.89896154,636.42858887
61.26000000,2.89896154,636.42858887
61.28000000,2.07637906,642.85717773
61.30000000,2.07637906,630.00006104
61.32000000,2.07637906,623.57147217
61.34000000,2.07637906,610.71435547
61.36000000,2.07637906,597.85717773
61.38000000,2.07637906,597.85717773
61.40000000,2.07637906,585.00006104
61.42000000,2.07637906,585.00006104
61.44000000,2.07637906,585.00006104
61.46000000,2.07637906,578.57147217
61.48000000,2.07637906,578.57147217
61.50000000,2.07637906,578.57147217
61.52000000,2.07637906,572.14288330
61.54000000,2.07637906,572.14288330
61.56000000,2.07637906,572.14288330
61.58000000,2.07637906,572.14288330
61.60000000,2.89896154,572.14288330
61.62000000,2.89896154,578.57147217
61.64000000,2.89896154,591.42864990
61.66000000,2.89896154,604.28576660
61.68000000,2.89896154,617.14288330
61.70000000,2.89896154,623.57147217
61.72000000,2.89896154,630.00006104
61.74000000,2.89896154,630.00006104
61.76000000,2.07637906,630.00006104
61.78000000,2.07637906,623.57147217
61.80000000,2.07637906,617.14288330
61.82000000,2.07637906,597.85717773
61.84000000,2.07637906,591.42864990
61.86000000,2.07637906,591.42864990
61.88000000,2.07637906,585.00006104
61.90000000,2.07637906,585.00006104
61.92000000,2.07637906,578.57147217
61.94000000,2.07637906,578.57147217
61.96000000,2.07637906,578.57147217
61.98000000,2.07637906,578.57147217
62.00000000,2.07637906,578.57147217
62.02000000,2.07637906,572.14288330
62.04000000,2.07637906,572.14288330
62.06000000,2.07637906,572.14288330
62.08000000,2.89896154,572.14288330
62.10000000,2.89896154,585.00006104
62.12000000,2.89896154,597.85717773
62.14000000,2.89896154,610.71435547
62.16000000,2.89896154,617.14288330
62.18000000,2.89896154,617.14288330
62.20000000,2.89896154,630.00006104
62.22000000,2.89896154,630.00006104
62.24000000,2.89896154,630.00006104
62.26000000,2.89896154,636.42858887
62.28000000,2.89896154,636.42858887
62.30000000,2.89896154,636.42858887
62.32000000,2.89896154,636.42858887
62.34000000,2.89896154,636.42858887
62.36000000,2.89896154,642.85717773
62.38000000,2.89896154,636.42858887
62.40000000,2.89896154,636.42858887
62.42000000,2.89896154,636.42858887
62.44000000,2.89896154,636.42858887
62.46000000,2.89896154,636.42858887
62.48000000,2.89896154,636.42858887
62.50000000,2.89896154,636.42858887
62.52000000,2.89896154,636.42858887
62.54000000,2.89896154,636.42858887
62.56000000,2.07637906,636.42858887
62.58000000,2.07637906,630.00006104
62.60000000,2.07637906,617.14288330
62.62000000,2.07637906,604.28576660
62.64000000,2.07637906,597.85717773
62.66000000,2.07637906,597.85717773
62.68000000,2.07637906,585.00006104
62.70000000,2.07637906,585.00006104
62.72000000,2.07637906,578.57147217
62.74000000,2.07637906,578.57147217
62.76000000,2.07637906,578.57147217
62.78000000,2.07637906,578.57147217
62.80000000,2.07637906,572.14288330
62.82000000,2.07637906,572.14288330
62.84000000,2.07637906,578.57147217
62.86000000,2.07637906,572.14288330
62.88000000,2.89896154,572.14288330
62.90000000,2.89896154,585.00006104
62.92000000,2.89896154,597.85717773
62.94000000,2.89896154,604.28576660
62.96000000,2.89896154,617.14288330
62.98000000,2.89896154,623.57147217
63.00000000,2.89896154,623.57147217
63.02000000,2.89896154,630.00006104
63.04000000,2.07637906,630.00006104
63.06000000,2.07637906,623.57147217
63.08000000,2.07637906,617.14288330
63.10000000,2.07637906,597.85717773
63.12000000,2.07637906,591.42864990
63.14000000,2.07637906,591.42864990
63.16000000,2.07637906,591.42864990
63.18000000,2.07637906,578.57147217
63.20000000,2.89896154,585.00006104
63.22000000,2.89896154,585.00006104
63.24000000,2.89896154,604.28576660
63.26000000,2.89896154,617.14288330
63.28000000,2.89896154,617.14288330
63.30000000,2.89896154,623.57147217
63.32000000,2.89896154,630.00006104
63.34000000,2.89896154,630.00006104
63.36000000,2.89896154,636.42858887
63.38000000,2.89896154,636.42858887
63.40000000,2.89896154,636.42858887
63.42000000,2.89896154,636.42858887
63.44000000,2.89896154,636.42858887
63.46000000,2.89896154,636.42858887
63.48000000,2.89896154,642.85717773
63.50000000,2.89896154,636.42858887
63.52000000,2.07637906,636.42858887
63.54000000,2.07637906,636.42858887
63.56000000,2.07637906,617.14288330
63.58000000,2.07637906,604.28576660
63.60000000,2.07637906,604.28576660
63.62000000,2.07637906,591.42864990
63.64000000,2.07637906,585.00006104
63.66000000,2.07637906,591.42864990
63.68000000,2.07637906,578.57147217
63.70000000,2.07637906,585.00006104
63.72000000,2.07637906,578.57147217
63.74000000,2.07637906,572.14288330
63.76000000,2.07637906,578.57147217
63.78000000,2.07637906,578.57147217
63.80000000,2.07637906,578.57147217
63.82000000,2.07637906,572.14288330
63.84000000,2.07637906,572.14288330
63.86000000,2.07637906,572.14288330
63.88000000,2.07637906,578.57147217
63.90000000,2.07637906,572.14288330
63.92000000,2.07637906,572.14288330
63.94000000,2.07637906,578.57147217
63.96000000,2.07637906,572.14288330
63.98000000,2.07637906,578.57147217
64.00000000,2.89896154,572.14288330
64.02000000,2.89896154,585.00006104
64.04000000,2.89896154,597.85717773
64.06000000,2.89896154,610.71435547
64.08000000,2.89896154,610.71435547
64.10000000,2.89896154,617.14288330
64.12000000,2.89896154,630.00006104
64.14000000,2.89896154,630.00006104
64.16000000,2.07637906,630.00006104
64.18000000,2.07637906,630.00006104
64.20000000,2.07637906,610.71435547
64.22000000,2.07637906,610.71435547
64.24000000,2.07637906,597.85717773
64.26000000,2.07637906,591.42864990
64.28000000,2.07637906,591.42864990
64.30000000,2.07637906,585.00006104
64.32000000,2.07637906,578.57147217
64.34000000,2.07637906,578.57147217
64.36000000,2.07637906,578.57147217
64.38000000,2.07637906,578.57147217
64.40000000,2.07637906,572.14288330
64.42000000,2.07637906,578.57147217
64.44000000,2.07637906,578.57147217
64.46000000,2.07637906,572.14288330
64.48000000,2.07637906,578.57147217
64.50000000,2.07637906,578.57147217
64.52000000,2.07637906,572.14288330
64.54000000,2.07637906,572.14288330
64.56000000,2.07637906,578.57147217
64.58000000,2.07637906,572.14288330
64.60000000,2.07637906,572.14288330
64.62000000,2.07637906,578.57147217
64.64000000,2.07637906,572.14288330
64.66000000,2.07637906,572.14288330
64.68000000,2.07637906,578.57147217
64.70000000,2.07637906,572.14288330
64.72000000,2.07637906,578.57147217
64.74000000,2.07637906,572.14288330
64.76000000,2.07637906,578.57147217
64.78000000,2.07637906,572.14288330
64.80000000,2.89896154,578.57147217
64.82000000,2.89896154,585.00006104
64.84000000,2.89896154,597.85717773
64.86000000,2.89896154,610.71435547
64.88000000,2.89896154,617.14288330
64.90000000,2.89896154,623.57147217
64.92000000,2.89896154,630.00006104
64.94000000,2.89896154,630.00006104
64.96000000,2.89896154,636.42858887
64.98000000,2.89896154,630.00006104
65.00000000,2.89896154,636.42858887
65.02000000,2.89896154,636.42858887
65.04000000,2.89896154,636.42858887
65.06000000,2.89896154,636.42858887
65.08000000,2.89896154,636.42858887
65.10000000,2.89896154,636.42858887
65.12000000,2.07637906,642.85717773
65.14000000,2.07637906,630.00006104
65.16000000,2.07637906,617.14288330
65.18000000,2.07637906,604.28576660
65.20000000,2.07637906,604.28576660
65.22000000,2.07637906,591.42864990
65.24000000,2.07637906,591.42864990
65.26000000,2.07637906,585.00006104
65.28000000,2.89896154,585.00006104
65.30000000,2.89896154,585.00006104
65.32000000,2.89896154,604.28576660
65.34000000,2.89896154,610.71435547
65.36000000,2.89896154,623.57147217
65.38000000,2.89896154,623.57147217
65.40000000,2.89896154,630.00006104
65.42000000,2.89896154,630.00006104
65.44000000,2.89896154,636.42858887
65.46000000,2.89896154,636.42858887
65.48000000,2.89896154,636.42858887
65.50000000,2.89896154,636.42858887
65.52000000,2.89896154,636.42858887
65.54000000,2.89896154,636.42858887
65.56000000,2.89896154,636.42858887
65.58000000,2.89896154,636.42858887
65.60000000,2.89896154,636.42858887
65.62000000,2.89896154,642.85717773
65.64000000,2.89896154,642.85717773
65.66000000,2.89896154,636.42858887
65.68000000,2.89896154,642.85717773
65.70000000,2.89896154,642.85717773
65.72000000,2.89896154,636.42858887
65.74000000,2.89896154,642.85717773
65.76000000,2.89896154,642.85717773
65.78000000,2.89896154,642.85717773
65.80000000,2.89896154,636.42858887
65.82000000,2.89896154,642.85717773
65.84000000,2.89896154,642.85717773
65.86000000,2.89896154,642.85717773
65.88000000,2.89896154,636.42858887
65.90000000,2.89896154,642.85717773
65.92000000,2.89896154,642.85717773
65.94000000,2.89896154,642.85717773
65.96000000,2.89896154,642.85717773
65.98000000,2.89896154,636.42858887
66.00000000,2.89896154,642.85717773
66.02000000,2.89896154,642.85717773
66.04000000,2.89896154,636.42858887
66.06000000,2.89896154,642.85717773
66.08000000,2.89896154,636.42858887
66.10000000,2.89896154,642.85717773
66.12000000,2.89896154,636.42858887
66.14000000,2.89896154,642.85717773
66.16000000,2.89896154,642.85717773
66.18000000,2.89896154,636.42858887
66.20000000,2.89896154,636.42858887
66.22000000,2.89896154,642.85717773
66.24000000,2.89896154,642.85717773
66.26000000,2.89896154,642.85717773
66.28000000,2.89896154,636.42858887
66.30000000,2.89896154,642.85717773
66.32000000,2.89896154,642.85717773
66.34000000,2.89896154,642.85717773
66.36000000,2.89896154,642.85717773
66.38000000,2.89896154,642.85717773
66.40000000,2.07637906,642.85717773
66.42000000,2.07637906,630.00006104
66.44000000,2.07637906,623.57147217
66.46000000,2.07637906,610.71435547
66.48000000,2.07637906,597.85717773
66.50000000,2.07637906,597.85717773
66.52000000,2.07637906,585.00006104
66.54000000,2.07637906,585.00006104
66.56000000,2.07637906,578.57147217
66.58000000,2.07637906,578.57147217
66.60000000,2.07637906,572.14288330
66.62000000,2.07637906,572.14288330
66.64000000,2.07637906,578.57147217
66.66000000,2.07637906,572.14288330
66.68000000,2.07637906,572.14288330
66.70000000,2.07637906,572.14288330
66.72000000,2.89896154,572.14288330
66.74000000,2.89896154,578.57147217
66.76000000,2.89896154,597.85717773
66.78000000,2.89896154,610.71435547
66.80000000,2.89896154,617.14288330
66.82000000,2.89896154,623.57147217
66.84000000,2.89896154,623.57147217
66.86000000,2.89896154,630.00006104
66.88000000,2.89896154,636.42858887
66.90000000,2.89896154,630.00006104
66.92000000,2.89896154,636.42858887
66.94000000,2.89896154,636.42858887
66.96000000,2.89896154,636.42858887
66.98000000,2.89896154,636.42858887
67.00000000,2.89896154,636.42858887
67.02000000,2.89896154,636.42858887
67.04000000,2.89896154,642.85717773
67.06000000,2.89896154,636.42858887
67.08000000,2.89896154,636.42858887
67.10000000,2.89896154,642.85717773
67.12000000,2.89896154,636.42858887
67.14000000,2.89896154,642.85717773
67.16000000,2.89896154,636.42858887
67.18000000,2.89896154,642.85717773
67.20000000,2.07637906,636.42858887
67.22000000,2.07637906,630.00006104
67.24000000,2.07637906,617.14288330
67.26000000,2.07637906,610.71435547
67.28000000,2.07637906,604.28576660
67.30000000,2.07637906,591.42864990
67.32000000,2.07637906,591.42864990
67.34000000,2.07637906,585.00006104
67.36000000,2.07637906,585.00006104
67.38000000,2.07637906,578.57147217
67.40000000,2.07637906,578.57147217
67.42000000,2.07637906,578.57147217
67.44000000,2.07637906,572.14288330
67.46000000,2.07637906,578.57147217
67.48000000,2.07637906,578.57147217
67.50000000,2.07637906,572.14288330
67.52000000,2.07637906,572.14288330
67.54000000,2.07637906,572.14288330
67.56000000,2.07637906,572.14288330
67.58000000,2.07637906,578.57147217
67.60000000,2.07637906,572.14288330
67.62000000,2.07637906,572.14288330
67.64000000,2.07637906,572.14288330
67.66000000,2.07637906,572.14288330
67.68000000,2.89896154,578.57147217
67.70000000,2.89896154,585.00006104
67.72000000,2.89896154,597.85717773
67.74000000,2.89896154,610.71435547
67.76000000,2.89896154,617.14288330
67.78000000,2.89896154,623.57147217
67.80000000,2.89896154,630.00006104
67.82000000,2.89896154,630.00006104
67.84000000,2.89896154,630.00006104
67.86000000,2.89896154,636.42858887
67.88000000,2.89896154,636.42858887
67.90000000,2.89896154,636.42858887
67.92000000,2.89896154,636.42858887
67.94000000,2.89896154,642.85717773
67.96000000,2.89896154,636.42858887
67.98000000,2.89896154,636.42858887
68.00000000,2.07637906,642.85717773
68.02000000,2.07637906,630.00006104
68.04000000,2.07637906,617.14288330
68.06000000,2.07637906,610.71435547
68.08000000,2.07637906,597.85717773
68.10000000,2.07637906,591.42864990
68.12000000,2.07637906,591.42864990
68.14000000,2.07637906,585.00006104
68.16000000,2.89896154,578.57147217
68.18000000,2.89896154,591.42864990
68.20000000,2.89896154,604.28576660
68.22000000,2.89896154,610.71435547
68.24000000,2.89896154,623.57147217
68.26000000,2.89896154,623.57147217
68.28000000,2.89896154,630.00006104
68.30000000,2.89896154,636.42858887
68.32000000,2.07637906,630.00006104
68.34000000,2.07637906,623.57147217
68.36000000,2.07637906,617.14288330
68.38000000,2.07637906,604.28576660
68.40000000,2.07637906,604.28576660
68.42000000,2.07637906,591.42864990
68.44000000,2.07637906,585.00006104
68.46000000,2.07637906,585.00006104
68.48000000,2.89896154,578.57147217
68.50000000,2.89896154,591.42864990
68.52000000,2.89896154,597.85717773
68.54000000,2.89896154,604.28576660
68.56000000,2.89896154,623.57147217
68.58000000,2.89896154,623.57147217
68.60000000,2.89896154,630.00006104
68.62000000,2.89896154,630.00006104
68.64000000,2.07637906,636.42858887
68.66000000,2.07637906,623.57147217
68.68000000,2.07637906,617.14288330
68.70000000,2.07637906,610.71435547
68.72000000,2.07637906,597.85717773
68.74000000,2.07637906,597.85717773
68.76000000,2.07637906,585.00006104
68.78000000,2.07637906,591.42864990
68.80000000,2.07637906,578.57147217
68.82000000,2.07637906,585.00006104
68.84000000,2.07637906,578.57147217
68.86000000,2.07637906,578.57147217
68.88000000,2.07637906,578.57147217
68.90000000,2.07637906,578.57147217
68.92000000,2.07637906,578.57147217
68.94000000,2.07637906,578.57147217
68.96000000,2.89896154,572.14288330
68.98000000,2.89896154,585.00006104
69.00000000,2.89896154,597.85717773
69.02000000,2.89896154,610.71435547
69.04000000,2.89896154,617.14288330
69.06000000,2.89896154,623.57147217
69.08000000,2.89896154,623.57147217
69.10000000,2.89896154,630.00006104
69.12000000,2.07637906,630.00006104
69.14000000,2.07637906,630.00006104
69.16000000,2.07637906,610.71435547
69.18000000,2.07637906,610.71435547
69.20000000,2.07637906,597.85717773
69.22000000,2.07637906,591.42864990
69.24000000,2.07637906,591.42864990
69.26000000,2.07637906,585.00006104
69.28000000,2.89896154,585.00006104
69.30000000,2.89896154,591.42864990
69.32000000,2.89896154,597.85717773
69.34000000,2.89896154,610.71435547
69.36000000,2.89896154,623.57147217
69.38000000,2.89896154,623.57147217
69.40000000,2.89896154,630.00006104
69.42000000,2.89896154,636.42858887
69.44000000,2.07637906,636.42858887
69.46000000,2.07637906,623.57147217
69.48000000,2.07637906,617.14288330
69.50000000,2.07637906,610.71435547
69.52000000,2.07637906,597.85717773
69.54000000,2.07637906,591.42864990
69.56000000,2.07637906,585.00006104
69.58000000,2.07637906,585.00006104
69.60000000,2.07637906,585.00006104
69.62000000,2.07637906,578.57147217
69.64000000,2.07637906,578.57147217
69.66000000,2.07637906,578.57147217
69.68000000,2.07637906,578.57147217
69.70000000,2.07637906,572.14288330
69.72000000,2.07637906,578.57147217
69.74000000,2.07637906,572.14288330
69.76000000,2.07637906,572.14288330
69.78000000,2.07637906,578.57147217
69.80000000,2.07637906,572.14288330
69.82000000,2.07637906,578.57147217
69.84000000,2.07637906,572.14288330
69.86000000,2.07637906,578.57147217
69.88000000,2.07637906,572.14288330
69.90000000,2.07637906,578.57147217
69.92000000,2.07637906,572.14288330
69.94000000,2.07637906,578.57147217
69.96000000,2.07637906,578.57147217
69.98000000,2.07637906,572.14288330
70.00000000,2.07637906,578.57147217
70.02000000,2.07637906,572.14288330
70.04000000,2.07637906,578.57147217
70.06000000,2.07637906,572.14288330
70.08000000,2.89896154,572.14288330
70.10000000,2.89896154,585.00006104
70.12000000,2.89896154,604.28576660
70.14000000,2.89896154,610.71435547
70.16000000,2.89896154,617.14288330
70.18000000,2.89896154,623.57147217
70.20000000,2.89896154,623.57147217
70.22000000,2.89896154,636.42858887
70.24000000,2.07637906,630.00006104
70.26000000,2.07637906,630.00006104
70.28000000,2.07637906,617.14288330
70.30000000,2.07637906,604.28576660
70.32000000,2.07637906,597.85717773
70.34000000,2.07637906,591.42864990
70.36000000,2.07637906,591.42864990
70.38000000,2.07637906,585.00006104
70.40000000,2.07637906,585.00006104
70.42000000,2.07637906,578.57147217
70.44000000,2.07637906,578.57147217
70.46000000,2.07637906,578.57147217
70.48000000,2.07637906,578.57147217
70.50000000,2.07637906,578.57147217
70.52000000,2.07637906,572.14288330
70.54000000,2.07637906,572.14288330
70.56000000,2.07637906,578.57147217
70.58000000,2.07637906,572.14288330
70.60000000,2.07637906,572.14288330
70.62000000,2.07637906,572.14288330
70.64000000,2.07637906,578.57147217
70.66000000,2.07637906,572.14288330
70.68000000,2.07637906,578.57147217
70.70000000,2.07637906,572.14288330
70.72000000,2.07637906,578.57147217
70.74000000,2.07637906,572.14288330
70.76000000,2.07637906,578.57147217
70.78000000,2.07637906,578.57147217
70.80000000,2.07637906,572.14288330
70.82000000,2.07637906,578.57147217
70.84000000,2.07637906,572.14288330
70.86000000,2.07637906,578.57147217
70.88000000,2.89896154,578.57147217
70.90000000,2.89896154,578.57147217
70.92000000,2.89896154,597.85717773
70.94000000,2.89896154,610.71435547
70.96000000,2.89896154,623.57147217
70.98000000,2.89896154,623.57147217
71.00000000,2.89896154,623.57147217
71.02000000,2.89896154,623.57147217
71.04000000,2.07637906,630.00006104
71.06000000,2.07637906,623.57147217
71.08000000,2.07637906,617.14288330
71.10000000,2.07637906,604.28576660
71.12000000,2.07637906,597.85717773
71.14000000,2.07637906,591.42864990
71.16000000,2.07637906,591.42864990
71.18000000,2.07637906,585.00006104
71.20000000,2.07637906,585.00006104
71.22000000,2.07637906,578.57147217
71.24000000,2.07637906,578.57147217
71.26000000,2.07637906,578.57147217
71.28000000,2.07637906,578.57147217
71.30000000,2.07637906,578.57147217
71.32000000,2.07637906,578.57147217
71.34000000,2.07637906,572.14288330
71.36000000,2.89896154,578.57147217
71.38000000,2.89896154,585.00006104
71.40000000,2.89896154,597.85717773
71.42000000,2.89896154,617.14288330
71.44000000,2.89896154,617.14288330
71.46000000,2.89896154,623.57147217
71.48000000,2.89896154,630.00006104
71.50000000,2.89896154,630.00006104
71.52000000,2.07637906,630.00006104
71.54000000,2.07637906,630.00006104
71.56000000,2.07637906,610.71435547
71.58000000,2.07637906,610.71435547
71.60000000,2.07637906,597.85717773
71.62000000,2.07637906,591.42864990
71.64000000,2.07637906,591.42864990
71.66000000,2.07637906,585.00006104
71.68000000,2.89896154,578.57147217
71.70000000,2.89896154,591.42864990
71.72000000,2.89896154,604.28576660
71.74000000,2.89896154,617.14288330
71.76000000,2.89896154,617.14288330
71.78000000,2.89896154,630.00006104
71.80000000,2.89896154,630.00006104
71.82000000,2.89896154,630.00006104
71.84000000,2.89896154,636.42858887
71.86000000,2.89896154,636.42858887
71.88000000,2.89896154,636.42858887
71.90000000,2.89896154,642.85717773
71.92000000,2.89896154,636.42858887
71.94000000,2.89896154,636.42858887
71.96000000,2.89896154,636.42858887
71.98000000,2.89896154,636.42858887
72.00000000,2.07637906,636.42858887
72.02000000,2.07637906,630.00006104
72.04000000,2.07637906,623.57147217
72.06000000,2.07637906,604.28576660
72.08000000,2.07637906,597.85717773
72.10000000,2.07637906,591.42864990
72.12000000,2.07637906,585.00006104
72.14000000,2.07637906,585.00006104
72.16000000,2.89896154,585.00006104
72.18000000,2.89896154,585.00006104
72.20000000,2.89896154,604.28576660
72.22000000,2.89896154,617.14288330
72.24000000,2.89896154,617.14288330
72.26000000,2.89896154,630.00006104
72.28000000,2.89896154,630.00006104
72.30000000,2.89896154,630.00006104
72.32000000,2.89896154,636.42858887
72.34000000,2.89896154,630.00006104
72.36000000,2.89896154,642.85717773
72.38000000,2.89896154,636.42858887
72.40000000,2.89896154,636.42858887
72.42000000,2.89896154,642.85717773
72.44000000,2.89896154,636.42858887
72.46000000,2.89896154,642.85717773
72.48000000,2.89896154,642.85717773
72.50000000,2.89896154,636.42858887
72.52000000,2.89896154,642.85717773
72.54000000,2.89896154,636.42858887
72.56000000,2.89896154,636.42858887
72.58000000,2.89896154,642.85717773
72.60000000,2.89896154,636.42858887
72.62000000,2.89896154,636.42858887
72.64000000,2.89896154,642.85717773
72.66000000,2.89896154,636.42858887
72.68000000,2.89896154,642.85717773
72.70000000,2.89896154,642.85717773
72.72000000,2.89896154,642.85717773
72.74000000,2.89896154,636.42858887
72.76000000,2.89896154,642.85717773
72.78000000,2.89896154,642.85717773
72.80000000,2.89896154,642.85717773
72.82000000,2.89896154,642.85717773
72.84000000,2.89896154,636.42858887
72.86000000,2.89896154,642.85717773
72.88000000,2.89896154,642.85717773
72.90000000,2.89896154,642.85717773
72.92000000,2.89896154,642.85717773
72.94000000,2.89896154,642.85717773
72.96000000,2.07637906,642.85717773
72.98000000,2.07637906,630.00006104
73.00000000,2.07637906,623.57147217
73.02000000,2.07637906,610.71435547
73.04000000,2.07637906,597.85717773
73.06000000,2.07637906,591.42864990
73.08000000,2.07637906,591.42864990
73.10000000,2.07637906,585.00006104
73.12000000,2.89896154,578.57147217
73.14000000,2.89896154,591.42864990
73.16000000,2.89896154,597.85717773
73.18000000,2.89896154,610.71435547
73.20000000,2.89896154,623.57147217
73.22000000,2.89896154,623.57147217
73.24000000,2.89896154,630.00006104
73.26000000,2.89896154,630.00006104
73.28000000,2.07637906,630.00006104
73.30000000,2.07637906,630.00006104
73.32000000,2.07637906,617.14288330
73.34000000,2.07637906,604.28576660
73.36000000,2.07637906,597.85717773
73.38000000,2.07637906,591.42864990
73.40000000,2.07637906,591.42864990
73.42000000,2.07637906,585.00006104
73.44000000,2.89896154,578.57147217
73.46000000,2.89896154,591.42864990
73.48000000,2.89896154,604.28576660
73.50000000,2.89896154,610.71435547
73.52000000,2.89896154,617.14288330
73.54000000,2.89896154,623.57147217
73.56000000,2.89896154,623.57147217
73.58000000,2.89896154,630.00006104
73.60000000,2.89896154,630.00006104
73.62000000,2.89896154,636.42858887
73.64000000,2.89896154,636.42858887
73.66000000,2.89896154,636.42858887
73.68000000,2.89896154,636.42858887
73.70000000,2.89896154,642.85717773
73.72000000,2.89896154,636.42858887
73.74000000,2.89896154,642.85717773
73.76000000,2.89896154,636.42858887
73.78000000,2.89896154,642.85717773
73.80000000,2.89896154,642.85717773
73.82000000,2.89896154,636.42858887
73.84000000,2.89896154,642.85717773
73.86000000,2.89896154,642.85717773
73.88000000,2.89896154,636.42858887
73.90000000,2.89896154,642.85717773
73.92000000,2.07637906,636.42858887
73.94000000,2.07637906,636.42858887
73.96000000,2.07637906,617.14288330
73.98000000,2.07637906,610.71435547
74.00000000,2.07637906,597.85717773
74.02000000,2.07637906,597.85717773
74.04000000,2.07637906,585.00006104
74.06000000,2.07637906,585.00006104
74.08000000,2.07637906,578.57147217
74.10000000,2.07637906,585.00006104
74.12000000,2.07637906,578.57147217
74.14000000,2.07637906,572.14288330
74.16000000,2.07637906,572.14288330
74.18000000,2.07637906,578.57147217
74.20000000,2.07637906,572.14288330
74.22000000,2.07637906,572.14288330
74.24000000,2.07637906,572.14288330
74.26000000,2.07637906,578.57147217
74.28000000,2.07637906,572.14288330
74.30000000,2.07637906,578.57147217
74.32000000,2.07637906,572.14288330
74.34000000,2.07637906,578.57147217
74.36000000,2.07637906,572.14288330
74.38000000,2.07637906,572.14288330
74.40000000,2.89896154,578.57147217
74.42000000,2.89896154,578.57147217
74.44000000,2.89896154,604.28576660
74.46000000,2.89896154,610.71435547
74.48000000,2.89896154,617.14288330
74.50000000,2.89896154,623.57147217
74.52000000,2.89896154,623.57147217
74.54000000,2.89896154,630.00006104
74.56000000,2.07637906,630.00006104
74.58000000,2.07637906,623.57147217
74.60000000,2.07637906,610.71435547
74.62000000,2.07637906,604.28576660
74.64000000,2.07637906,597.85717773
74.66000000,2.07637906,597.85717773
74.68000000,2.07637906,585.00006104
74.70000000,2.07637906,585.00006104
74.72000000,2.89896154,578.57147217
74.74000000,2.89896154,585.00006104
74.76000000,2.89896154,604.28576660
74.78000000,2.89896154,610.71435547
74.80000000,2.89896154,617.14288330
74.82000000,2.89896154,617.14288330
74.84000000,2.89896154,623.57147217
74.86000000,2.89896154,630.00006104
74.88000000,2.89896154,636.42858887
74.90000000,2.89896154,636.42858887
74.92000000,2.89896154,636.42858887
74.94000000,2.89896154,636.42858887
74.96000000,2.89896154,636.42858887
74.98000000,2.89896154,636.42858887
75.00000000,2.89896154,642.85717773
75.02000000,2.89896154,636.42858887
75.04000000,2.89896154,636.42858887
75.06000000,2.89896154,636.42858887
75.08000000,2.89896154,636.42858887
75.10000000,2.89896154,636.42858887
75.12000000,2.89896154,636.42858887
75.14000000,2.89896154,642.85717773
75.16000000,2.89896154,636.42858887
75.18000000,2.89896154,642.85717773
75.20000000,2.07637906,636.42858887
75.22000000,2.07637906,636.42858887
75.24000000,2.07637906,617.14288330
75.26000000,2.07637906,610.71435547
75.28000000,2.07637906,604.28576660
75.30000000,2.07637906,591.42864990
75.32000000,2.07637906,591.42864990
75.34000000,2.07637906,585.00006104
75.36000000,2.07637906,578.57147217
75.38000000,2.07637906,585.00006104
75.40000000,2.07637906,578.57147217
75.42000000,2.07637906,578.57147217
75.44000000,2.07637906,572.14288330
75.46000000,2.07637906,578.57147217
75.48000000,2.07637906,578.57147217
75.50000000,2.07637906,572.14288330
75.52000000,2.89896154,572.14288330
75.54000000,2.89896154,585.00006104
75.56000000,2.89896154,597.85717773
75.58000000,2.89896154,610.71435547
75.60000000,2.89896154,617.14288330
75.62000000,2.89896154,623.57147217
75.64000000,2.89896154,623.57147217
75.66000000,2.89896154,630.00006104
75.68000000,2.07637906,636.42858887
75.70000000,2.07637906,623.57147217
75.72000000,2.07637906,610.71435547
75.74000000,2.07637906,604.28576660
75.76000000,2.07637906,597.85717773
75.78000000,2.07637906,591.42864990
75.80000000,2.07637906,585.00006104
75.82000000,2.07637906,585.00006104
75.84000000,2.07637906,578.57147217
75.86000000,2.07637906,578.57147217
75.88000000,2.07637906,585.00006104
75.90000000,2.07637906,578.57147217
75.92000000,2.07637906,572.14288330
75.94000000,2.07637906,578.57147217
75.96000000,2.07637906,578.57147217
75.98000000,2.07637906,578.57147217
76.00000000,2.07637906,572.14288330
76.02000000,2.07637906,578.57147217
76.04000000,2.07637906,572.14288330
76.06000000,2.07637906,572.14288330
76.08000000,2.07637906,572.14288330
76.10000000,2.07637906,572.14288330
76.12000000,2.07637906,578.57147217
76.14000000,2.07637906,572.14288330
76.16000000,2.07637906,578.57147217
76.18000000,2.07637906,572.14288330
76.20000000,2.07637906,578.57147217
76.22000000,2.07637906,578.57147217
76.24000000,2.07637906,572.14288330
76.26000000,2.07637906,578.57147217
76.28000000,2.07637906,572.14288330
76.30000000,2.07637906,578.57147217
76.32000000,2.89896154,572.14288330
76.34000000,2.89896154,585.00006104
76.36000000,2.89896154,604.28576660
76.38000000,2.89896154,610.71435547
76.40000000,2.89896154,617.14288330
76.42000000,2.89896154,623.57147217
76.44000000,2.89896154,623.57147217
76.46000000,2.89896154,630.00006104
76.48000000,2.89896154,630.00006104
76.50000000,2.89896154,636.42858887
76.52000000,2.89896154,630.00006104
76.54000000,2.89896154,636.42858887
76.56000000,2.89896154,636.42858887
76.58000000,2.89896154,636.42858887
76.60000000,2.89896154,636.42858887
76.62000000,2.89896154,636.42858887
76.64000000,2.89896154,642.85717773
76.66000000,2.89896154,636.42858887
76.68000000,2.89896154,642.85717773
76.70000000,2.89896154,636.42858887
76.72000000,2.89896154,642.85717773
76.74000000,2.89896154,636.42858887
76.76000000,2.89896154,642.85717773
76.78000000,2.89896154,636.42858887
76.80000000,2.89896154,636.42858887
76.82000000,2.89896154,642.85717773
76.84000000,2.89896154,636.42858887
76.86000000,2.89896154,636.42858887
76.88000000,2.89896154,642.85717773
76.90000000,2.89896154,642.85717773
76.92000000,2.89896154,642.85717773
76.94000000,2.89896154,636.42858887
76.96000000,2.89896154,642.85717773
76.98000000,2.89896154,642.85717773
77.00000000,2.89896154,642.85717773
77.02000000,2.89896154,636.42858887
77.04000000,2.89896154,642.85717773
77.06000000,2.89896154,636.42858887
77.08000000,2.89896154,642.85717773
77.10000000,2.89896154,636.42858887
77.12000000,2.07637906,642.85717773
77.14000000,2.07637906,636.42858887
77.16000000,2.07637906,623.57147217
77.18000000,2.07637906,604.28576660
77.20000000,2.07637906,604.28576660
77.22000000,2.07637906,591.42864990
77.24000000,2.07637906,591.42864990
77.26000000,2.07637906,585.00006104
77.28000000,2.89896154,578.57147217
77.30000000,2.89896154,585.00006104
77.32000000,2.89896154,604.28576660
77.34000000,2.89896154,610.71435547
77.36000000,2.89896154,617.14288330
77.38000000,2.89896154,623.57147217
77.40000000,2.89896154,623.57147217
77.42000000,2.89896154,636.42858887
77.44000000,2.89896154,630.00006104
77.46000000,2.89896154,636.42858887
77.48000000,2.89896154,636.42858887
77.50000000,2.89896154,636.42858887
77.52000000,2.89896154,636.42858887
77.54000000,2.89896154,636.42858887
77.56000000,2.89896154,636.42858887
77.58000000,2.89896154,636.42858887
77.60000000,2.07637906,642.85717773
77.62000000,2.07637906,630.00006104
77.64000000,2.07637906,623.57147217
77.66000000,2.07637906,604.28576660
77.68000000,2.07637906,604.28576660
77.70000000,2.07637906,591.42864990
77.72000000,2.07637906,591.42864990
77.74000000,2.07637906,585.00006104
77.76000000,2.89896154,585.00006104
77.78000000,2.89896154,591.42864990
77.80000000,2.89896154,604.28576660
77.82000000,2.89896154,610.71435547
77.84000000,2.89896154,623.57147217
77.86000000,2.89896154,623.57147217
77.88000000,2.89896154,636.42858887
77.90000000,2.89896154,630.00006104
77.92000000,2.07637906,636.42858887
77.94000000,2.07637906,630.00006104
77.96000000,2.07637906,610.71435547
77.98000000,2.07637906,610.71435547
78.00000000,2.07637906,597.85717773
78.02000000,2.07637906,591.42864990
78.04000000,2.07637906,591.42864990
78.06000000,2.07637906,585.00006104
78.08000000,2.89896154,585.00006104
78.10000000,2.89896154,585.00006104
78.12000000,2.89896154,604.28576660
78.14000000,2.89896154,617.14288330
78.16000000,2.89896154,617.14288330
78.18000000,2.89896154,623.57147217
78.20000000,2.89896154,630.00006104
78.22000000,2.89896154,636.42858887
78.24000000,2.07637906,630.00006104
78.26000000,2.07637906,630.00006104
78.28000000,2.07637906,617.14288330
78.30000000,2.07637906,610.71435547
78.32000000,2.07637906,597.85717773
78.34000000,2.07637906,597.85717773
78.36000000,2.07637906,585.00006104
78.38000000,2.07637906,591.42864990
78.40000000,2.89896154,585.00006104
78.42000000,2.89896154,585.00006104
78.44000000,2.89896154,604.28576660
78.46000000,2.89896154,610.71435547
78.48000000,2.89896154,623.57147217
78.50000000,2.89896154,623.57147217
78.52000000,2.89896154,630.00006104
78.54000000,2.89896154,636.42858887
78.56000000,2.07637906,630.00006104
78.58000000,2.07637906,630.00006104
78.60000000,2.07637906,617.14288330
78.62000000,2.07637906,604.28576660
78.64000000,2.07637906,597.85717773
78.66000000,2.07637906,597.85717773
78.68000000,2.07637906,591.42864990
78.70000000,2.07637906,585.00006104
78.72000000,2.07637906,585.00006104
78.74000000,2.07637906,578.57147217
78.76000000,2.07637906,585.00006104
78.78000000,2.07637906,578.57147217
78.80000000,2.07637906,578.57147217
78.82000000,2.07637906,578.57147217
78.84000000,2.07637906,572.14288330
78.86000000,2.07637906,578.57147217
78.88000000,2.07637906,578.57147217
78.90000000,2.07637906,572.14288330
78.92000000,2.07637906,578.57147217
78.94000000,2.07637906,578.57147217
78.96000000,2.07637906,572.14288330
78.98000000,2.07637906,578.57147217
79.00000000,2.07637906,572.14288330
79.02000000,2.07637906,578.57147217
79.04000000,2.89896154,572.14288330
79.06000000,2.89896154,585.00006104
79.08000000,2.89896154,597.85717773
79.10000000,2.89896154,610.71435547
79.12000000,2.89896154,617.14288330
79.14000000,2.89896154,623.57147217
79.16000000,2.89896154,630.00006104
79.18000000,2.89896154,630.00006104
79.20000000,2.07637906,636.42858887
79.22000000,2.07637906,630.00006104
79.24000000,2.07637906,610.71435547
79.26000000,2.07637906,610.71435547
79.28000000,2.07637906,597.85717773
79.30000000,2.07637906,597.85717773
79.32000000,2.07637906,585.00006104
79.34000000,2.07637906,585.00006104
79.36000000,2.89896154,578.57147217
79.38000000,2.89896154,591.42864990
79.40000000,2.89896154,610.71435547
79.42000000,2.89896154,610.71435547
79.44000000,2.89896154,623.57147217
79.46000000,2.89896154,630.00006104
79.48000000,2.89896154,630.00006104
79.50000000,2.89896154,630.00006104
79.52000000,2.89896154,636.42858887
79.54000000,2.89896154,636.42858887
79.56000000,2.89896154,636.42858887
79.58000000,2.89896154,636.42858887
79.60000000,2.89896154,636.42858887
79.62000000,2.89896154,642.85717773
79.64000000,2.89896154,636.42858887
79.66000000,2.89896154,642.85717773
79.68000000,2.89896154,636.42858887
79.70000000,2.89896154,642.85717773
79.72000000,2.89896154,636.42858887
79.74000000,2.89896154,636.42858887
79.76000000,2.89896154,642.85717773
79.78000000,2.89896154,642.85717773
79.80000000,2.89896154,642.85717773
79.82000000,2.89896154,636.42858887
79.84000000,2.89896154,642.85717773
79.86000000,2.89896154,642.85717773
79.88000000,2.89896154,642.85717773
79.90000000,2.89896154,636.42858887
79.92000000,2.89896154,642.85717773
79.94000000,2.89896154,642.85717773
79.96000000,2.89896154,642.85717773
79.98000000,2.89896154,642.85717773
80.00000000,2.07637906,642.85717773
80.02000000,2.07637906,630.00006104
80.04000000,2.07637906,623.57147217
80.06000000,2.07637906,604.28576660
80.08000000,2.07637906,604.28576660
80.10000000,2.07637906,591.42864990
80.12000000,2.07637906,591.42864990
80.14000000,2.07637906,585.00006104
80.16000000,2.89896154,585.00006104
80.18000000,2.89896154,585.00006104
80.20000000,2.89896154,597.85717773
80.22000000,2.89896154,610.71435547
80.24000000,2.89896154,617.14288330
80.26000000,2.89896154,623.57147217
80.28000000,2.89896154,630.00006104
80.30000000,2.89896154,630.00006104
80.32000000,2.89896154,636.42858887
80.34000000,2.89896154,636.42858887
80.36000000,2.89896154,636.42858887
80.38000000,2.89896154,636.42858887
80.40000000,2.89896154,642.85717773
80.42000000,2.89896154,636.42858887
80.44000000,2.89896154,642.85717773
80.46000000,2.89896154,642.85717773
80.48000000,2.07637906,636.42858887
80.50000000,2.07637906,636.42858887
80.52000000,2.07637906,623.57147217
80.54000000,2.07637906,604.28576660
80.56000000,2.07637906,604.28576660
80.58000000,2.07637906,591.42864990
80.60000000,2.07637906,585.00006104
80.62000000,2.07637906,591.42864990
80.64000000,2.07637906,585.00006104
80.66000000,2.07637906,578.57147217
80.68000000,2.07637906,578.57147217
80.70000000,2.07637906,578.57147217
80.72000000,2.07637906,578.57147217
80.74000000,2.07637906,572.14288330
80.76000000,2.07637906,578.57147217
80.78000000,2.07637906,578.57147217
80.80000000,2.89896154,572.14288330
80.82000000,2.89896154,585.00006104
80.84000000,2.89896154,604.28576660
80.86000000,2.89896154,610.71435547
80.88000000,2.89896154,617.14288330
80.90000000,2.89896154,623.57147217
80.92000000,2.89896154,630.00006104
80.94000000,2.89896154,630.00006104
80.96000000,2.89896154,636.42858887
80.98000000,2.89896154,636.42858887
81.00000000,2.89896154,636.42858887
81.02000000,2.89896154,636.42858887
81.04000000,2.89896154,636.42858887
81.06000000,2.89896154,636.42858887
81.08000000,2.89896154,636.42858887
81.10000000,2.89896154,642.85717773
81.12000000,2.89896154,642.85717773
81.14000000,2.89896154,636.42858887
81.16000000,2.89896154,642.85717773
81.18000000,2.89896154,642.85717773
81.20000000,2.89896154,642.85717773
81.22000000,2.89896154,636.42858887
81.24000000,2.89896154,636.42858887
81.26000000,2.89896154,642.85717773
81.28000000,2.07637906,642.85717773
81.30000000,2.07637906,636.42858887
81.32000000,2.07637906,617.14288330
81.34000000,2.07637906,604.28576660
81.36000000,2.07637906,604.28576660
81.38000000,2.07637906,591.42864990
81.40000000,2.07637906,585.00006104
81.42000000,2.07637906,591.42864990
81.44000000,2.07637906,578.57147217
81.46000000,2.07637906,585.00006104
81.48000000,2.07637906,578.57147217
81.50000000,2.07637906,578.57147217
81.52000000,2.07637906,578.57147217
81.54000000,2.07637906,572.14288330
81.56000000,2.07637906,572.14288330
81.58000000,2.07637906,578.57147217
81.60000000,2.89896154,572.14288330
81.62000000,2.89896154,585.00006104
81.64000000,2.89896154,597.85717773
81.66000000,2.89896154,604.28576660
81.68000000,2.89896154,617.14288330
81.70000000,2.89896154,623.57147217
81.72000000,2.89896154,623.57147217
81.74000000,2.89896154,630.00006104
81.76000000,2.89896154,630.00006104
81.78000000,2.89896154,636.42858887
81.80000000,2.89896154,636.42858887
81.82000000,2.89896154,636.42858887
81.84000000,2.89896154,636.42858887
