uee,yee
9.44394159,40.00000000
13.35883824,45.00000000
16.78435922,50.00520833
20.19632387,55.01041667
23.70567815,60.01041667
27.47403542,65.00520833
31.07896535,70.00520833
34.83951505,75.00520833
38.40135956,80.01041667
42.11683750,85.01562500
46.29207897,90.00520833
50.09725698,95.01041667
