alpha, tau, L
1.31431818,33.94417021,0.68973542
